model,seed,held_out,arm,n,score_kind,probability_eligible,fit_predict_seconds,prevalence,accuracy,balanced_accuracy,sensitivity,specificity,precision_ppv,npv,f1,macro_f1,mcc,cohen_kappa,positive_prediction_rate,auroc,auprc,log_loss,brier_score,ece_10
catch22_rf,1005,P01,raw,92,continuous_probability,True,23.621601755003212,0.5,0.7934782608695652,0.7934782608695652,0.7608695652173914,0.8260869565217391,0.813953488372093,0.7755102040816326,0.7865168539325843,0.7932584269662921,0.5882087712829036,0.5869565217391304,0.4673913043478261,0.8605860113421548,0.818033818700619,0.5120575797166748,0.16031712711352655,0.12490036231884064
catch22_rf,1005,P01,gated,92,continuous_probability,True,2.162513201001275,0.5,0.8043478260869565,0.8043478260869565,0.7608695652173914,0.8478260869565217,0.8333333333333334,0.78,0.7954545454545454,0.8039772727272727,0.6110100926607787,0.6086956521739131,0.45652173913043476,0.842391304347826,0.7921611704473935,0.5141881462829696,0.16267228260869568,0.11771739130434783
catch22_rf,1005,P02,raw,96,continuous_probability,True,2.1715856489972793,0.5,0.8125,0.8125,0.9375,0.6875,0.75,0.9166666666666666,0.8333333333333334,0.8095238095238095,0.6454972243679029,0.625,0.625,0.872829861111111,0.8269487985659244,0.5159218549849139,0.16614036458333334,0.1591145833333333
catch22_rf,1005,P02,gated,96,continuous_probability,True,2.13783194199641,0.5,0.7916666666666666,0.7916666666666667,0.9375,0.6458333333333334,0.7258064516129032,0.9117647058823529,0.8181818181818182,0.7871396895787139,0.609849578616645,0.5833333333333333,0.6458333333333334,0.8736979166666666,0.8617973587883576,0.5077191515265692,0.16447083333333334,0.14458333333333334
catch22_rf,1005,P03,raw,92,continuous_probability,True,2.1390340099969762,0.5,0.5978260869565217,0.5978260869565217,0.717391304347826,0.4782608695652174,0.5789473684210527,0.6285714285714286,0.6407766990291263,0.591993287786168,0.20149814827784024,0.19565217391304346,0.6195652173913043,0.6053875236294896,0.6011317402773824,0.6755060972112478,0.24161460529891302,0.11459510869565219
catch22_rf,1005,P03,gated,92,continuous_probability,True,2.1334286400015117,0.5,0.5543478260869565,0.5543478260869565,0.7391304347826086,0.3695652173913043,0.5396825396825397,0.5862068965517241,0.6238532110091743,0.5385932721712539,0.11697706772393274,0.10869565217391308,0.6847826086956522,0.5713610586011343,0.5758246421820814,0.6841642012977449,0.2458023147644928,0.09669565217391304
catch22_rf,1005,P04,raw,82,continuous_probability,True,2.1450215090007987,0.5,0.6707317073170732,0.6707317073170732,0.4634146341463415,0.8780487804878049,0.7916666666666666,0.6206896551724138,0.5846153846153846,0.6559440559440559,0.3752393871932282,0.3414634146341464,0.2926829268292683,0.6594289113622842,0.7564461850335826,0.6930777701991118,0.2340475609756098,0.17609756097560977
catch22_rf,1005,P04,gated,82,continuous_probability,True,2.143524016995798,0.5,0.6951219512195121,0.6951219512195121,0.43902439024390244,0.9512195121951219,0.9,0.6290322580645161,0.5901639344262295,0.6737227439121438,0.4543694673976518,0.3902439024390243,0.24390243902439024,0.6683521713265913,0.7556759329175664,0.6530664407528977,0.22641700542005416,0.17967479674796746
catch22_rf,1005,P05,raw,98,continuous_probability,True,2.1506553150029504,0.5,0.6530612244897959,0.653061224489796,0.46938775510204084,0.8367346938775511,0.7419354838709677,0.6119402985074627,0.575,0.6409482758620689,0.32913419928086207,0.30612244897959173,0.3163265306122449,0.7730112453144523,0.8043479398290285,0.5921173001918953,0.20304107142857145,0.1105612244897959
catch22_rf,1005,P05,gated,98,continuous_probability,True,2.1468040379986633,0.5,0.6530612244897959,0.6530612244897959,0.42857142857142855,0.8775510204081632,0.7777777777777778,0.6056338028169014,0.5526315789473685,0.6346491228070176,0.34259435491376583,0.30612244897959173,0.2755102040816326,0.715118700541441,0.7616724020716897,0.6190967838820614,0.21544362244897958,0.0884183673469388
catch22_rf,1005,P06,raw,86,continuous_probability,True,2.1528942299992195,0.5,0.46511627906976744,0.4651162790697674,0.5348837209302325,0.3953488372093023,0.46938775510204084,0.4594594594594595,0.5,0.4625,-0.07045670884515313,-0.06976744186046513,0.5697674418604651,0.47052460789616013,0.5119829826902453,0.7851727611740731,0.2885161700581396,0.17386627906976743
catch22_rf,1005,P06,gated,86,continuous_probability,True,2.1315085620008176,0.5,0.47674418604651164,0.4767441860465116,0.4883720930232558,0.46511627906976744,0.4772727272727273,0.47619047619047616,0.4827586206896552,0.4766734279918864,-0.046524210519923545,-0.046511627906976716,0.5116279069767442,0.44889129259058946,0.5168937431135281,0.7897794997936499,0.2911875726744186,0.1918313953488372
catch22_rf,1005,P07,raw,98,continuous_probability,True,2.1551382379984716,0.5,0.7040816326530612,0.7040816326530612,0.4897959183673469,0.9183673469387755,0.8571428571428571,0.6428571428571429,0.6233766233766234,0.6898395721925134,0.4517539514526256,0.40816326530612246,0.2857142857142857,0.8125780924614744,0.7844145522402564,0.5896593532791987,0.20105148986678004,0.15777636054421773
catch22_rf,1005,P07,gated,98,continuous_probability,True,2.1563882129994454,0.5,0.6428571428571429,0.6428571428571429,0.3469387755102041,0.9387755102040817,0.85,0.5897435897435898,0.4927536231884058,0.6085815360036517,0.3544587784792833,0.2857142857142858,0.20408163265306123,0.78009162848813,0.7797911794969236,0.6208210479441411,0.21539417694160995,0.14640731292517006
catch22_rf,1005,P08,raw,84,continuous_probability,True,2.140005655994173,0.5,0.5595238095238095,0.5595238095238095,0.6428571428571429,0.47619047619047616,0.5510204081632653,0.5714285714285714,0.5934065934065934,0.5564435564435564,0.12073632210407378,0.11904761904761907,0.5833333333333334,0.6037414965986394,0.6101581046688106,0.6925789480171918,0.2487613095238095,0.14011904761904762
catch22_rf,1005,P08,gated,84,continuous_probability,True,2.148075028999301,0.5,0.5714285714285714,0.5714285714285714,0.6428571428571429,0.5,0.5625,0.5833333333333334,0.6,0.5692307692307692,0.14433756729740643,0.1428571428571428,0.5714285714285714,0.6340702947845804,0.6479131916452883,0.6719031234523979,0.23914999999999992,0.1202380952380953
catch22_rf,1005,P09,raw,76,continuous_probability,True,2.191258894999919,0.5,0.5657894736842105,0.5657894736842105,0.8421052631578947,0.2894736842105263,0.5423728813559322,0.6470588235294118,0.6597938144329897,0.5298969072164949,0.15787724448766816,0.13157894736842102,0.7763157894736842,0.650623268698061,0.6591114657520796,0.6708641355962426,0.2394717105263158,0.09644736842105261
catch22_rf,1005,P09,gated,76,continuous_probability,True,2.2029162289982196,0.5,0.5394736842105263,0.5394736842105263,0.8421052631578947,0.23684210526315788,0.5245901639344263,0.6,0.6464646464646465,0.49304364398704026,0.09917694073609294,0.07894736842105265,0.8026315789473685,0.6627423822714681,0.686274164848517,0.6747281056591742,0.2414131578947368,0.13486842105263167
catch22_rf,1005,P10,raw,94,continuous_probability,True,2.1816127470010542,0.5,0.6808510638297872,0.6808510638297872,0.6595744680851063,0.7021276595744681,0.6888888888888889,0.673469387755102,0.6739130434782609,0.6807065217391304,0.3620300534999659,0.36170212765957444,0.4787234042553192,0.7399275690357627,0.7174983418725329,0.6053282593131577,0.2082020082742317,0.07310992907801418
catch22_rf,1005,P10,gated,94,continuous_probability,True,2.1636223160021473,0.5,0.648936170212766,0.648936170212766,0.6170212765957447,0.6808510638297872,0.6590909090909091,0.64,0.6373626373626373,0.6485782258978134,0.2984810028978546,0.2978723404255319,0.46808510638297873,0.7091444092349479,0.6967443307859336,0.6239638490773741,0.21692765957446805,0.039893617021276605
catch22_rf,1005,P11,raw,86,continuous_probability,True,2.1571869480030728,0.5,0.6627906976744186,0.6627906976744187,0.4418604651162791,0.8837209302325582,0.7916666666666666,0.6129032258064516,0.5671641791044776,0.6454868514570007,0.36293309315564887,0.3255813953488371,0.27906976744186046,0.6652244456462952,0.7331767741478603,0.7546005629959078,0.24793392659389335,0.17748615725359915
catch22_rf,1005,P11,gated,86,continuous_probability,True,2.1656038439978147,0.5,0.627906976744186,0.627906976744186,0.3953488372093023,0.8604651162790697,0.7391304347826086,0.5873015873015873,0.5151515151515151,0.6066323613493425,0.28897381562100355,0.2558139534883721,0.26744186046511625,0.6303407247160628,0.7022177539047411,0.784946056915307,0.26554805595930236,0.19295058139534882
catch22_rf,2004,P01,raw,92,continuous_probability,True,2.393072934995871,0.5,0.8260869565217391,0.8260869565217391,0.782608695652174,0.8695652173913043,0.8571428571428571,0.8,0.8181818181818182,0.8257575757575758,0.6546536707079771,0.6521739130434783,0.45652173913043476,0.8631852551984877,0.8102488555347235,0.5009620036418732,0.15492062198067633,0.13570652173913045
catch22_rf,2004,P01,gated,92,continuous_probability,True,2.1034465529955924,0.5,0.7934782608695652,0.7934782608695652,0.7391304347826086,0.8478260869565217,0.8292682926829268,0.7647058823529411,0.7816091954022989,0.7928664533712526,0.5904549227349388,0.5869565217391304,0.44565217391304346,0.8400283553875235,0.8138605692483336,0.5253340471553145,0.16811114130434782,0.14929347826086953
catch22_rf,2004,P02,raw,96,continuous_probability,True,2.081808581999212,0.5,0.8125,0.8125,0.8958333333333334,0.7291666666666666,0.7678571428571429,0.875,0.8269230769230769,0.8111888111888111,0.6338656910463873,0.625,0.5833333333333334,0.8680555555555556,0.8342042295184237,0.510294281534703,0.16435553385416668,0.14809895833333336
catch22_rf,2004,P02,gated,96,continuous_probability,True,2.091203226998914,0.5,0.78125,0.78125,0.875,0.6875,0.7368421052631579,0.8461538461538461,0.8,0.7793103448275862,0.5726562866782,0.5625,0.59375,0.8535156250000001,0.8278572184090013,0.5238174229946817,0.17135470377604167,0.17045572916666663
catch22_rf,2004,P03,raw,92,continuous_probability,True,2.111041739000939,0.5,0.532608695652174,0.5326086956521738,0.5217391304347826,0.5434782608695652,0.5333333333333333,0.5319148936170213,0.5274725274725275,0.5325534680373389,0.06523280730534423,0.0652173913043479,0.4891304347826087,0.5824669187145558,0.5833337487532626,0.6882465316881468,0.24746931783003057,0.06899560041407868
catch22_rf,2004,P03,gated,92,continuous_probability,True,2.074808106997807,0.5,0.5652173913043478,0.5652173913043478,0.717391304347826,0.41304347826086957,0.55,0.59375,0.6226415094339622,0.5549104983067247,0.13693063937629155,0.13043478260869557,0.6521739130434783,0.5753780718336483,0.5674379722574947,0.6850208598972035,0.24593196837258458,0.12710778985507246
catch22_rf,2004,P04,raw,82,continuous_probability,True,2.085158292997221,0.5,0.6707317073170732,0.6707317073170732,0.4146341463414634,0.926829268292683,0.85,0.6129032258064516,0.5573770491803278,0.6476205634251153,0.39757328397294533,0.3414634146341464,0.24390243902439024,0.6609161213563355,0.751913251513977,0.6871068476613167,0.23451737804878048,0.16189024390243903
catch22_rf,2004,P04,gated,82,continuous_probability,True,2.1494430859966087,0.5,0.6707317073170732,0.6707317073170732,0.4146341463414634,0.926829268292683,0.85,0.6129032258064516,0.5573770491803278,0.6476205634251153,0.39757328397294533,0.3414634146341464,0.24390243902439024,0.6386079714455681,0.733122054086363,0.6702444701560454,0.23417141344850956,0.14229674796747968
catch22_rf,2004,P05,raw,98,continuous_probability,True,2.150454467002419,0.5,0.6632653061224489,0.6632653061224489,0.4489795918367347,0.8775510204081632,0.7857142857142857,0.6142857142857143,0.5714285714285714,0.6470588235294117,0.3614031611621005,0.3265306122448979,0.2857142857142857,0.7723865056226572,0.8039436004089996,0.6049043339799727,0.20886250000000003,0.09025510204081633
catch22_rf,2004,P05,gated,98,continuous_probability,True,2.12262550000014,0.5,0.6836734693877551,0.6836734693877551,0.46938775510204084,0.8979591836734694,0.8214285714285714,0.6285714285714286,0.5974025974025974,0.6684491978609626,0.40657855630736306,0.36734693877551017,0.2857142857142857,0.7386505622657226,0.7826695299832482,0.6069990649414885,0.20978826530612246,0.09795918367346942
catch22_rf,2004,P06,raw,86,continuous_probability,True,2.1064091059961356,0.5,0.46511627906976744,0.4651162790697675,0.5116279069767442,0.4186046511627907,0.46808510638297873,0.46153846153846156,0.4888888888888889,0.46395663956639566,-0.07007127538005777,-0.06976744186046513,0.5465116279069767,0.4497025419145484,0.4923569138967803,0.7898105935144573,0.2899281976744186,0.14750000000000002
catch22_rf,2004,P06,gated,86,continuous_probability,True,2.0963173829950392,0.5,0.4883720930232558,0.4883720930232558,0.5348837209302325,0.4418604651162791,0.48936170212765956,0.48717948717948717,0.5111111111111111,0.48726287262872625,-0.02335709179335259,-0.023255813953488413,0.5465116279069767,0.45240670632774477,0.5000040361458643,0.7787193752629086,0.2849311389696383,0.1441521317829457
catch22_rf,2004,P07,raw,98,continuous_probability,True,2.0138348410036997,0.5,0.6632653061224489,0.6632653061224489,0.42857142857142855,0.8979591836734694,0.8076923076923077,0.6111111111111112,0.56,0.6436363636363637,0.3698001308168194,0.3265306122448979,0.2653061224489796,0.790295710120783,0.7559049629672004,0.6089496118372939,0.21024453833616782,0.15642431972789117
catch22_rf,2004,P07,gated,98,continuous_probability,True,2.1154571620063507,0.5,0.6326530612244898,0.6326530612244898,0.3673469387755102,0.8979591836734694,0.782608695652174,0.5866666666666667,0.5,0.6048387096774194,0.3130032180229999,0.26530612244897966,0.23469387755102042,0.7911286963765097,0.7565170713554265,0.6148596698494526,0.21348050595238097,0.1707908163265306
catch22_rf,2004,P08,raw,84,continuous_probability,True,2.135262647003401,0.5,0.6190476190476191,0.6190476190476191,0.7142857142857143,0.5238095238095238,0.6,0.6470588235294118,0.6521739130434783,0.6155606407322655,0.242535625036333,0.23809523809523814,0.5952380952380952,0.6051587301587302,0.6048621946188478,0.6838913134863291,0.24519821428571434,0.1520238095238095
catch22_rf,2004,P08,gated,84,continuous_probability,True,2.127274808000948,0.5,0.5952380952380952,0.5952380952380952,0.5952380952380952,0.5952380952380952,0.5952380952380952,0.5952380952380952,0.5952380952380952,0.5952380952380952,0.19047619047619047,0.19047619047619047,0.5,0.6264172335600907,0.619776568068819,0.6823587692974179,0.24270985449735444,0.06198412698412696
catch22_rf,2004,P09,raw,76,continuous_probability,True,2.11000732100365,0.5,0.6052631578947368,0.6052631578947368,0.9210526315789473,0.2894736842105263,0.5645161290322581,0.7857142857142857,0.7,0.5615384615384615,0.27153769332085226,0.21052631578947367,0.8157894736842105,0.6513157894736843,0.6425732822440141,0.6628599207965867,0.23546151315789476,0.08651315789473683
catch22_rf,2004,P09,gated,76,continuous_probability,True,2.1464667420004844,0.5,0.5263157894736842,0.5263157894736842,0.7894736842105263,0.2631578947368421,0.5172413793103449,0.5555555555555556,0.625,0.4910714285714286,0.06189844605901729,0.05263157894736836,0.7631578947368421,0.6267313019390582,0.6066648109425561,0.6838084229963975,0.24509934210526316,0.09039473684210526
catch22_rf,2004,P10,raw,94,continuous_probability,True,2.1274852320057107,0.5,0.6914893617021277,0.6914893617021276,0.6808510638297872,0.7021276595744681,0.6956521739130435,0.6875,0.6881720430107527,0.691454442558008,0.3830654388414369,0.38297872340425543,0.48936170212765956,0.7462652784065187,0.736634036007921,0.6044730100289355,0.20779676603132383,0.08943705673758867
catch22_rf,2004,P10,gated,94,continuous_probability,True,2.120598790999793,0.5,0.6595744680851063,0.6595744680851063,0.5957446808510638,0.723404255319149,0.6829268292682927,0.6415094339622641,0.6363636363636364,0.6581818181818182,0.3217817401051081,0.31914893617021267,0.43617021276595747,0.7277048438207333,0.7192006657620247,0.6190594549135666,0.21486066223404257,0.0974308510638298
catch22_rf,2004,P11,raw,86,continuous_probability,True,2.1209094719961286,0.5,0.6511627906976745,0.6511627906976745,0.4186046511627907,0.8837209302325582,0.782608695652174,0.6031746031746031,0.5454545454545454,0.6312178387650085,0.34151450937027694,0.30232558139534893,0.26744186046511625,0.6525148729042726,0.7292273401918808,0.7837104617313125,0.255371188630491,0.22612403100775194
catch22_rf,2004,P11,gated,86,continuous_probability,True,2.14963186600653,0.5,0.6162790697674418,0.6162790697674418,0.3953488372093023,0.8372093023255814,0.7083333333333334,0.5806451612903226,0.5074626865671642,0.5965884861407249,0.25923792368260634,0.2325581395348837,0.27906976744186046,0.633856138453218,0.687858734245352,0.7989877920395899,0.26885507105943157,0.16986434108527132
catch22_rf,2027,P01,raw,92,continuous_probability,True,2.458314308001718,0.5,0.8043478260869565,0.8043478260869565,0.7608695652173914,0.8478260869565217,0.8333333333333334,0.78,0.7954545454545454,0.8039772727272727,0.6110100926607787,0.6086956521739131,0.45652173913043476,0.8568052930056711,0.826195638536375,0.5049778488413496,0.16003186141304349,0.13812500000000005
catch22_rf,2027,P01,gated,92,continuous_probability,True,2.1621057509983075,0.5,0.8043478260869565,0.8043478260869565,0.782608695652174,0.8260869565217391,0.8181818181818182,0.7916666666666666,0.8,0.8042553191489361,0.6092717958449424,0.6086956521739131,0.4782608695652174,0.8591682419659735,0.8126114158378315,0.5155752378638414,0.16055570652173912,0.13331521739130434
catch22_rf,2027,P02,raw,96,continuous_probability,True,2.106527272000676,0.5,0.7916666666666666,0.7916666666666666,0.9166666666666666,0.6666666666666666,0.7333333333333333,0.8888888888888888,0.8148148148148148,0.7883597883597884,0.6024640760767094,0.5833333333333333,0.625,0.8721788194444444,0.8544628890259155,0.5140225861795734,0.16744190176504628,0.13313368055555558
catch22_rf,2027,P02,gated,96,continuous_probability,True,2.1073855979993823,0.5,0.78125,0.78125,0.8541666666666666,0.7083333333333334,0.7454545454545455,0.8292682926829268,0.7961165048543689,0.7800807243372968,0.5685785754425927,0.5625,0.5729166666666666,0.8621961805555556,0.8430812563603441,0.5119063002049845,0.16654505208333334,0.13276041666666666
catch22_rf,2027,P03,raw,92,continuous_probability,True,2.1364685419976013,0.5,0.5217391304347826,0.5217391304347826,0.5869565217391305,0.45652173913043476,0.5192307692307693,0.525,0.5510204081632653,0.5196962505932605,0.043852900965351466,0.04347826086956519,0.5652173913043478,0.5597826086956521,0.5428150779970683,0.6929953441841302,0.24968376648612348,0.06892805383022772
catch22_rf,2027,P03,gated,92,continuous_probability,True,2.1236383709983784,0.5,0.5869565217391305,0.5869565217391305,0.7608695652173914,0.41304347826086957,0.5645161290322581,0.6333333333333333,0.6481481481481481,0.5740740740740741,0.1854955583040673,0.17391304347826098,0.6739130434782609,0.5578922495274102,0.5687028530634072,0.6935416212120276,0.2501264752415459,0.14343115942028983
catch22_rf,2027,P04,raw,82,continuous_probability,True,2.0833283810061403,0.5,0.6951219512195121,0.6951219512195121,0.43902439024390244,0.9512195121951219,0.9,0.6290322580645161,0.5901639344262295,0.6737227439121438,0.4543694673976518,0.3902439024390243,0.24390243902439024,0.6665675193337299,0.7595567890803367,0.6760247168020229,0.23124367378048785,0.15377439024390244
catch22_rf,2027,P04,gated,82,continuous_probability,True,2.1191619239980355,0.5,0.6585365853658537,0.6585365853658537,0.4146341463414634,0.9024390243902439,0.8095238095238095,0.6065573770491803,0.5483870967741935,0.6369386464263125,0.36321919154762317,0.3170731707317074,0.25609756097560976,0.6552647233789411,0.7440193565947318,0.6737482042748827,0.2330198170731707,0.1949390243902439
catch22_rf,2027,P05,raw,98,continuous_probability,True,2.1378458149993094,0.5,0.6632653061224489,0.6632653061224489,0.4897959183673469,0.8367346938775511,0.75,0.6212121212121212,0.5925925925925926,0.652818035426731,0.34815531191139565,0.3265306122448979,0.32653061224489793,0.7526030820491463,0.7898015586628251,0.5992620499673608,0.20633370918367347,0.09126530612244897
catch22_rf,2027,P05,gated,98,continuous_probability,True,2.1134483049972914,0.5,0.6632653061224489,0.6632653061224489,0.42857142857142855,0.8979591836734694,0.8076923076923077,0.6111111111111112,0.56,0.6436363636363637,0.3698001308168194,0.3265306122448979,0.2653061224489796,0.7309454394002499,0.7700441443802103,0.6076580777049672,0.21164591836734692,0.09683673469387752
catch22_rf,2027,P06,raw,86,continuous_probability,True,2.0997070250014076,0.5,0.4883720930232558,0.4883720930232558,0.5116279069767442,0.46511627906976744,0.4888888888888889,0.4878048780487805,0.5,0.4880952380952381,-0.02328100985898594,-0.023255813953488413,0.5232558139534884,0.4388858842617631,0.4889656293007914,0.7847563305081495,0.2884879360465116,0.1716860465116279
catch22_rf,2027,P06,gated,86,continuous_probability,True,2.1247155300006852,0.5,0.46511627906976744,0.46511627906976744,0.4418604651162791,0.4883720930232558,0.4634146341463415,0.4666666666666667,0.4523809523809524,0.4648268398268398,-0.06984302957695782,-0.06976744186046513,0.47674418604651164,0.4356408869659275,0.49570527577129736,0.8022743059452206,0.2944963917958657,0.15434689922480616
catch22_rf,2027,P07,raw,98,continuous_probability,True,2.181468192997272,0.5,0.6530612244897959,0.653061224489796,0.40816326530612246,0.8979591836734694,0.8,0.6027397260273972,0.5405405405405406,0.6309260079751884,0.3511234415883917,0.30612244897959173,0.25510204081632654,0.7884214910453976,0.7423955052858333,0.6119669228448696,0.21133648887471657,0.1353477891156462
catch22_rf,2027,P07,gated,98,continuous_probability,True,2.1324152660017717,0.5,0.6428571428571429,0.6428571428571428,0.3877551020408163,0.8979591836734694,0.7916666666666666,0.5945945945945946,0.5205479452054794,0.6179975498385121,0.3322052985133746,0.2857142857142858,0.24489795918367346,0.7894627238650561,0.7809140288971397,0.6091209644965908,0.21030932653061227,0.15365306122448977
catch22_rf,2027,P08,raw,84,continuous_probability,True,2.130340175004676,0.5,0.5833333333333334,0.5833333333333334,0.6190476190476191,0.5476190476190477,0.5777777777777777,0.5897435897435898,0.5977011494252874,0.5828011919965943,0.167093470609201,0.16666666666666674,0.5357142857142857,0.6037414965986394,0.5902135614171686,0.6831809779470677,0.24461968005952384,0.09428571428571428
catch22_rf,2027,P08,gated,84,continuous_probability,True,2.163092613001936,0.5,0.5595238095238095,0.5595238095238095,0.6428571428571429,0.47619047619047616,0.5510204081632653,0.5714285714285714,0.5934065934065934,0.5564435564435564,0.12073632210407378,0.11904761904761907,0.5833333333333334,0.6125283446712018,0.6020965328129654,0.6885567093500647,0.2462963624338624,0.11670634920634919
catch22_rf,2027,P09,raw,76,continuous_probability,True,2.1439665900034015,0.5,0.6052631578947368,0.6052631578947368,0.868421052631579,0.34210526315789475,0.5689655172413793,0.7222222222222222,0.6875,0.5758928571428572,0.24759378423606915,0.21052631578947367,0.7631578947368421,0.693213296398892,0.6962952224633399,0.6472268557200295,0.22829111842105262,0.06874999999999995
catch22_rf,2027,P09,gated,76,continuous_probability,True,2.0879833750004764,0.5,0.5921052631578947,0.5921052631578947,0.8947368421052632,0.2894736842105263,0.5573770491803278,0.7333333333333333,0.6868686868686869,0.5509815132456641,0.23141286171755018,0.18421052631578938,0.8026315789473685,0.6668975069252078,0.6333963790152992,0.6744475475860777,0.24046019736842103,0.09230263157894743
catch22_rf,2027,P10,raw,94,continuous_probability,True,2.1146902899999986,0.5,0.648936170212766,0.648936170212766,0.6595744680851063,0.6382978723404256,0.6458333333333334,0.6521739130434783,0.6526315789473685,0.6488964346349746,0.297939785765562,0.2978723404255319,0.5106382978723404,0.7483023992756902,0.7398413265596065,0.6011960835714945,0.20658773640661937,0.08597517730496455
catch22_rf,2027,P10,gated,94,continuous_probability,True,2.14432935599325,0.5,0.6276595744680851,0.6276595744680851,0.6170212765957447,0.6382978723404256,0.6304347826086957,0.625,0.6236559139784946,0.6276174306734579,0.2553769592276246,0.25531914893617014,0.48936170212765956,0.7109551833408781,0.7080497670254845,0.6222905368854298,0.21641552157210409,0.08598404255319143
catch22_rf,2027,P11,raw,86,continuous_probability,True,2.0568400909978664,0.5,0.6511627906976745,0.6511627906976744,0.3953488372093023,0.9069767441860465,0.8095238095238095,0.6,0.53125,0.6267361111111112,0.35186577527449836,0.30232558139534893,0.2441860465116279,0.6554894537587885,0.7228820857629381,0.7791897587100644,0.25374321705426356,0.17689922480620157
catch22_rf,2027,P11,gated,86,continuous_probability,True,2.109369757999957,0.5,0.627906976744186,0.627906976744186,0.4186046511627907,0.8372093023255814,0.72,0.5901639344262295,0.5294117647058824,0.6108597285067874,0.28168113585237115,0.2558139534883721,0.29069767441860467,0.627906976744186,0.6589709204359959,0.8013604389222025,0.27174549418604654,0.1882558139534884
rocket,1005,P01,raw,92,continuous_decision_function,False,13.832413261996408,0.5,0.8152173913043478,0.8152173913043479,0.8260869565217391,0.8043478260869565,0.8085106382978723,0.8222222222222222,0.8172043010752689,0.815195557131041,0.6305838039516608,0.6304347826086956,0.5108695652173914,0.8534971644612477,0.8241239024651973,,,
rocket,1005,P01,gated,92,continuous_decision_function,False,5.524201091000577,0.5,0.8478260869565217,0.8478260869565217,0.8478260869565217,0.8478260869565217,0.8478260869565217,0.8478260869565217,0.8478260869565217,0.8478260869565217,0.6956521739130435,0.6956521739130435,0.5,0.8558601134215501,0.8379451784633454,,,
rocket,1005,P02,raw,96,continuous_decision_function,False,4.860855537001044,0.5,0.7916666666666666,0.7916666666666667,0.8125,0.7708333333333334,0.78,0.8043478260869565,0.7959183673469388,0.7915762049500652,0.5838403593598094,0.5833333333333333,0.5208333333333334,0.8333333333333334,0.8173594790725498,,,
rocket,1005,P02,gated,96,continuous_decision_function,False,4.796965907000413,0.5,0.78125,0.78125,0.8125,0.75,0.7647058823529411,0.8,0.7878787878787878,0.7810361681329423,0.5636018619766345,0.5625,0.53125,0.853298611111111,0.8543122975545292,,,
rocket,1005,P03,raw,92,continuous_decision_function,False,4.945223795999482,0.5,0.5652173913043478,0.5652173913043479,0.5217391304347826,0.6086956521739131,0.5714285714285714,0.56,0.5454545454545454,0.5643939393939394,0.13093073414159542,0.13043478260869557,0.45652173913043476,0.5968809073724008,0.5760806176249857,,,
rocket,1005,P03,gated,92,continuous_decision_function,False,5.097263352006848,0.5,0.532608695652174,0.5326086956521738,0.5,0.5652173913043478,0.5348837209302325,0.5306122448979592,0.5168539325842697,0.5321111768184507,0.06535653014254485,0.0652173913043479,0.4673913043478261,0.5637996219281662,0.5479201241964913,,,
rocket,1005,P04,raw,82,continuous_decision_function,False,4.123636052994698,0.5,0.6097560975609756,0.6097560975609756,0.4146341463414634,0.8048780487804879,0.68,0.5789473684210527,0.5151515151515151,0.5943104514533086,0.23841582427170788,0.2195121951219512,0.3048780487804878,0.6466389054134444,0.7229349616742372,,,
rocket,1005,P04,gated,82,continuous_decision_function,False,4.180559676002304,0.5,0.6341463414634146,0.6341463414634146,0.4146341463414634,0.8536585365853658,0.7391304347826086,0.5932203389830508,0.53125,0.615625,0.2986089093888467,0.2682926829268293,0.2804878048780488,0.6525877453896489,0.7319540697321356,,,
rocket,1005,P05,raw,98,continuous_decision_function,False,4.3472674829972675,0.5,0.8163265306122449,0.8163265306122449,0.7755102040816326,0.8571428571428571,0.8444444444444444,0.7924528301886793,0.8085106382978723,0.816020025031289,0.6347716207284163,0.6326530612244898,0.45918367346938777,0.8579758433985839,0.8753535333737287,,,
rocket,1005,P05,gated,98,continuous_decision_function,False,4.210283940999943,0.5,0.8367346938775511,0.8367346938775511,0.8163265306122449,0.8571428571428571,0.851063829787234,0.8235294117647058,0.8333333333333334,0.8366666666666667,0.6740310804196752,0.6734693877551021,0.47959183673469385,0.8671386922115786,0.8904125526943727,,,
rocket,1005,P06,raw,86,continuous_decision_function,False,3.844268462002219,0.5,0.4418604651162791,0.4418604651162791,0.3023255813953488,0.5813953488372093,0.41935483870967744,0.45454545454545453,0.35135135135135137,0.43077771649200225,-0.12108986992412069,-0.11627906976744184,0.36046511627906974,0.43320713899405083,0.4652451706179507,,,
rocket,1005,P06,gated,86,continuous_decision_function,False,4.950295137001376,0.5,0.4186046511627907,0.4186046511627907,0.2558139534883721,0.5813953488372093,0.3793103448275862,0.43859649122807015,0.3055555555555556,0.4027777777777778,-0.17217163878014866,-0.16279069767441856,0.3372093023255814,0.4261763115197404,0.47142784252300357,,,
rocket,1005,P07,raw,98,continuous_decision_function,False,3.8236684540024726,0.5,0.7244897959183674,0.7244897959183674,0.6938775510204082,0.7551020408163265,0.7391304347826086,0.7115384615384616,0.7157894736842105,0.7242313705054716,0.4498234510602419,0.44897959183673475,0.46938775510204084,0.8134110787172012,0.8380381042233525,,,
rocket,1005,P07,gated,98,continuous_decision_function,False,4.901359281997429,0.5,0.7653061224489796,0.7653061224489797,0.7346938775510204,0.7959183673469388,0.782608695652174,0.75,0.7578947368421053,0.7650859822824387,0.531609533071195,0.5306122448979591,0.46938775510204084,0.831320283215327,0.8548724714698852,,,
rocket,1005,P08,raw,84,continuous_decision_function,False,3.9844891210013884,0.5,0.6190476190476191,0.6190476190476191,0.6904761904761905,0.5476190476190477,0.6041666666666666,0.6388888888888888,0.6444444444444445,0.6170940170940171,0.24056261216234406,0.23809523809523814,0.5714285714285714,0.6887755102040816,0.6663495648123162,,,
rocket,1005,P08,gated,84,continuous_decision_function,False,5.378650332000689,0.5,0.6666666666666666,0.6666666666666667,0.7380952380952381,0.5952380952380952,0.6458333333333334,0.6944444444444444,0.6888888888888889,0.664957264957265,0.3367876570272817,0.33333333333333326,0.5714285714285714,0.6819727891156463,0.6403972759663122,,,
rocket,1005,P09,raw,76,continuous_decision_function,False,4.270506524000666,0.5,0.75,0.75,0.8421052631578947,0.6578947368421053,0.7111111111111111,0.8064516129032258,0.7710843373493976,0.7478610092544089,0.5087055749715826,0.5,0.5921052631578947,0.7676592797783933,0.7059718686636925,,,
rocket,1005,P09,gated,76,continuous_decision_function,False,4.878588124003727,0.5,0.7105263157894737,0.7105263157894737,0.8421052631578947,0.5789473684210527,0.6666666666666666,0.7857142857142857,0.7441860465116279,0.7054263565891472,0.4364357804719848,0.42105263157894735,0.631578947368421,0.7420360110803325,0.6636419866934088,,,
rocket,1005,P10,raw,94,continuous_decision_function,False,4.9241331279990845,0.5,0.6276595744680851,0.6276595744680851,0.7021276595744681,0.5531914893617021,0.6111111111111112,0.65,0.6534653465346535,0.6255832479799704,0.2581988897471611,0.25531914893617014,0.574468085106383,0.7012222725215029,0.7079809842188447,,,
rocket,1005,P10,gated,94,continuous_decision_function,False,4.29600943600235,0.5,0.6276595744680851,0.6276595744680851,0.6808510638297872,0.574468085106383,0.6153846153846154,0.6428571428571429,0.6464646464646465,0.6266031097491772,0.25677629550654774,0.25531914893617014,0.5531914893617021,0.6944318696242644,0.700642740119182,,,
rocket,1005,P11,raw,86,continuous_decision_function,False,4.4572087620035745,0.5,0.627906976744186,0.627906976744186,0.3488372093023256,0.9069767441860465,0.7894736842105263,0.582089552238806,0.4838709677419355,0.5964809384164222,0.3083035200691658,0.2558139534883721,0.22093023255813954,0.6224986479177934,0.6834707621501501,,,
rocket,1005,P11,gated,86,continuous_decision_function,False,4.245693819000735,0.5,0.6395348837209303,0.6395348837209303,0.37209302325581395,0.9069767441860465,0.8,0.5909090909090909,0.5079365079365079,0.6117664191058687,0.3302891295379082,0.2790697674418605,0.23255813953488372,0.6852352623039482,0.7053747924698957,,,
rocket,2004,P01,raw,92,continuous_decision_function,False,4.848206251997908,0.5,0.8260869565217391,0.8260869565217391,0.8260869565217391,0.8260869565217391,0.8260869565217391,0.8260869565217391,0.8260869565217391,0.8260869565217391,0.6521739130434783,0.6521739130434783,0.5,0.8478260869565216,0.8240624795423802,,,
rocket,2004,P01,gated,92,continuous_decision_function,False,4.755748342999141,0.5,0.8478260869565217,0.8478260869565217,0.8478260869565217,0.8478260869565217,0.8478260869565217,0.8478260869565217,0.8478260869565217,0.8478260869565217,0.6956521739130435,0.6956521739130435,0.5,0.8487712665406427,0.8245424554179104,,,
rocket,2004,P02,raw,96,continuous_decision_function,False,4.213326873999904,0.5,0.7708333333333334,0.7708333333333334,0.7708333333333334,0.7708333333333334,0.7708333333333334,0.7708333333333334,0.7708333333333334,0.7708333333333334,0.5416666666666666,0.5416666666666667,0.5,0.8307291666666666,0.8048473517138943,,,
rocket,2004,P02,gated,96,continuous_decision_function,False,4.294905771006597,0.5,0.7604166666666666,0.7604166666666667,0.7708333333333334,0.75,0.7551020408163265,0.7659574468085106,0.7628865979381443,0.7603906673901248,0.5209463982067662,0.5208333333333333,0.5104166666666666,0.828125,0.820750638440044,,,
rocket,2004,P03,raw,92,continuous_decision_function,False,5.922840671999438,0.5,0.532608695652174,0.532608695652174,0.43478260869565216,0.6304347826086957,0.5405405405405406,0.5272727272727272,0.4819277108433735,0.5280925682929738,0.0665026647782209,0.0652173913043479,0.40217391304347827,0.5604914933837429,0.5370021694808309,,,
rocket,2004,P03,gated,92,continuous_decision_function,False,4.3468050730007235,0.5,0.5434782608695652,0.5434782608695652,0.5,0.5869565217391305,0.5476190476190477,0.54,0.5227272727272727,0.5426136363636364,0.08728715609439695,0.08695652173913038,0.45652173913043476,0.5685255198487713,0.5430609881556675,,,
rocket,2004,P04,raw,82,continuous_decision_function,False,4.572123628000554,0.5,0.6219512195121951,0.6219512195121951,0.4146341463414634,0.8292682926829268,0.7083333333333334,0.5862068965517241,0.5230769230769231,0.6049728049728049,0.2680281337094487,0.24390243902439024,0.2926829268292683,0.6454491374182034,0.7229348653076791,,,
rocket,2004,P04,gated,82,continuous_decision_function,False,5.3517895479963045,0.5,0.5975609756097561,0.5975609756097561,0.4146341463414634,0.7804878048780488,0.6538461538461539,0.5714285714285714,0.5074626865671642,0.5836282505000769,0.20965696734438366,0.19512195121951215,0.3170731707317073,0.6496133254015467,0.7282246484672836,,,
rocket,2004,P05,raw,98,continuous_decision_function,False,4.338559905001603,0.5,0.7959183673469388,0.7959183673469388,0.7755102040816326,0.8163265306122449,0.8085106382978723,0.7843137254901961,0.7916666666666666,0.7958333333333334,0.5923303433991085,0.5918367346938775,0.47959183673469385,0.8521449396084965,0.881434743981155,,,
rocket,2004,P05,gated,98,continuous_decision_function,False,4.453280663998157,0.5,0.8061224489795918,0.8061224489795917,0.7551020408163265,0.8571428571428571,0.8409090909090909,0.7777777777777778,0.7956989247311828,0.8056164526568534,0.6154574548966637,0.6122448979591837,0.4489795918367347,0.8563098708871304,0.8881288746458988,,,
rocket,2004,P06,raw,86,continuous_decision_function,False,4.337190246995306,0.5,0.4418604651162791,0.4418604651162791,0.3488372093023256,0.5348837209302325,0.42857142857142855,0.45098039215686275,0.38461538461538464,0.4369885433715221,-0.11834526708278771,-0.11627906976744184,0.4069767441860465,0.42996214169821523,0.4591258662133675,,,
rocket,2004,P06,gated,86,continuous_decision_function,False,4.907424263001303,0.5,0.3953488372093023,0.39534883720930236,0.27906976744186046,0.5116279069767442,0.36363636363636365,0.41509433962264153,0.3157894736842105,0.38706140350877194,-0.21520264493646468,-0.2093023255813954,0.38372093023255816,0.4250946457544618,0.4555258717843643,,,
rocket,2004,P07,raw,98,continuous_decision_function,False,4.972709276000387,0.5,0.7448979591836735,0.7448979591836735,0.7346938775510204,0.7551020408163265,0.75,0.74,0.7422680412371134,0.7448713943559304,0.48989794855663565,0.48979591836734704,0.4897959183673469,0.8300708038317368,0.8564488742093306,,,
rocket,2004,P07,gated,98,continuous_decision_function,False,5.26716919500177,0.5,0.7755102040816326,0.7755102040816326,0.7142857142857143,0.8367346938775511,0.813953488372093,0.7454545454545455,0.7608695652173914,0.774665551839465,0.5551983817780488,0.5510204081632653,0.4387755102040816,0.8467305289462723,0.8689660511976175,,,
rocket,2004,P08,raw,84,continuous_decision_function,False,5.785183357002097,0.5,0.6547619047619048,0.6547619047619048,0.7380952380952381,0.5714285714285714,0.6326530612244898,0.6857142857142857,0.6813186813186813,0.6523476523476524,0.31391443747059183,0.30952380952380953,0.5833333333333334,0.6882086167800453,0.6727476124791589,,,
rocket,2004,P08,gated,84,continuous_decision_function,False,4.391097104999062,0.5,0.6071428571428571,0.6071428571428572,0.7142857142857143,0.5,0.5882352941176471,0.6363636363636364,0.6451612903225806,0.6025806451612903,0.2193817272381392,0.2142857142857142,0.6071428571428571,0.6859410430839002,0.6704562048089073,,,
rocket,2004,P09,raw,76,continuous_decision_function,False,4.385069152995129,0.5,0.7368421052631579,0.7368421052631579,0.8421052631578947,0.631578947368421,0.6956521739130435,0.8,0.7619047619047619,0.7338935574229692,0.4845437118523489,0.4736842105263157,0.6052631578947368,0.7600415512465374,0.7003054054488737,,,
rocket,2004,P09,gated,76,continuous_decision_function,False,4.617774837999605,0.5,0.7631578947368421,0.763157894736842,0.8947368421052632,0.631578947368421,0.7083333333333334,0.8571428571428571,0.7906976744186046,0.7589852008456659,0.545544725589981,0.5263157894736843,0.631578947368421,0.7517313019390581,0.6730445316596768,,,
rocket,2004,P10,raw,94,continuous_decision_function,False,4.390210927005683,0.5,0.6702127659574468,0.6702127659574468,0.7021276595744681,0.6382978723404256,0.66,0.6818181818181818,0.6804123711340206,0.66987651523734,0.3411211461689767,0.34042553191489366,0.5319148936170213,0.7089180624717067,0.7167174076953611,,,
rocket,2004,P10,gated,94,continuous_decision_function,False,5.297736530999828,0.5,0.6702127659574468,0.6702127659574468,0.7021276595744681,0.6382978723404256,0.66,0.6818181818181818,0.6804123711340206,0.66987651523734,0.3411211461689767,0.34042553191489366,0.5319148936170213,0.7021276595744681,0.7169987073104676,,,
rocket,2004,P11,raw,86,continuous_decision_function,False,5.703694967000047,0.5,0.627906976744186,0.627906976744186,0.3488372093023256,0.9069767441860465,0.7894736842105263,0.582089552238806,0.4838709677419355,0.5964809384164222,0.3083035200691658,0.2558139534883721,0.22093023255813954,0.6365603028664143,0.6817652972128405,,,
rocket,2004,P11,gated,86,continuous_decision_function,False,4.211941321002087,0.5,0.6511627906976745,0.6511627906976745,0.37209302325581395,0.9302325581395349,0.8421052631578947,0.5970149253731343,0.5161290322580645,0.6217008797653959,0.3643587055362868,0.30232558139534893,0.22093023255813954,0.6776636019469984,0.7012481707886888,,,
rocket,2027,P01,raw,92,continuous_decision_function,False,4.868969101997209,0.5,0.8369565217391305,0.8369565217391304,0.8478260869565217,0.8260869565217391,0.8297872340425532,0.8444444444444444,0.8387096774193549,0.836937256292095,0.6740723421552236,0.673913043478261,0.5108695652173914,0.8563327032136105,0.8402324175409316,,,
rocket,2027,P01,gated,92,continuous_decision_function,False,5.643855979004002,0.5,0.8478260869565217,0.8478260869565217,0.8695652173913043,0.8260869565217391,0.8333333333333334,0.8636363636363636,0.851063829787234,0.8477541371158392,0.6963106238227913,0.6956521739130435,0.5217391304347826,0.8511342155009451,0.8254022154282129,,,
rocket,2027,P02,raw,96,continuous_decision_function,False,5.035519758996088,0.5,0.7708333333333334,0.7708333333333333,0.7916666666666666,0.75,0.76,0.782608695652174,0.7755102040816326,0.7707338254450716,0.5421374765483944,0.5416666666666667,0.5208333333333334,0.8276909722222222,0.8087600138999388,,,
rocket,2027,P02,gated,96,continuous_decision_function,False,5.1886519139952725,0.5,0.7291666666666666,0.7291666666666667,0.75,0.7083333333333334,0.72,0.7391304347826086,0.7346938775510204,0.7290490664350847,0.4587317109255645,0.45833333333333326,0.5208333333333334,0.8289930555555555,0.8390340698970489,,,
rocket,2027,P03,raw,92,continuous_decision_function,False,4.851444716005062,0.5,0.5108695652173914,0.5108695652173914,0.41304347826086957,0.6086956521739131,0.5135135135135135,0.509090909090909,0.4578313253012048,0.5061433854228796,0.022167554926073633,0.021739130434782705,0.40217391304347827,0.550094517958412,0.5537692241525681,,,
rocket,2027,P03,gated,92,continuous_decision_function,False,4.275538077999954,0.5,0.5108695652173914,0.5108695652173914,0.41304347826086957,0.6086956521739131,0.5135135135135135,0.509090909090909,0.4578313253012048,0.5061433854228796,0.022167554926073633,0.021739130434782705,0.40217391304347827,0.5321361058601134,0.5034222191724821,,,
rocket,2027,P04,raw,82,continuous_decision_function,False,4.634978285001125,0.5,0.5853658536585366,0.5853658536585366,0.4146341463414634,0.7560975609756098,0.6296296296296297,0.5636363636363636,0.5,0.5729166666666667,0.18164975363768868,0.1707317073170731,0.32926829268292684,0.6490184414039263,0.7196626882853072,,,
rocket,2027,P04,gated,82,continuous_decision_function,False,5.240116979999584,0.5,0.5975609756097561,0.5975609756097562,0.3902439024390244,0.8048780487804879,0.6666666666666666,0.5689655172413793,0.49230769230769234,0.5794871794871794,0.21442250696755896,0.19512195121951215,0.2926829268292683,0.6513979773944081,0.7212780355494907,,,
rocket,2027,P05,raw,98,continuous_decision_function,False,4.724129268994147,0.5,0.7959183673469388,0.7959183673469388,0.8367346938775511,0.7551020408163265,0.7735849056603774,0.8222222222222222,0.803921568627451,0.7955778055903213,0.5938186129394862,0.5918367346938775,0.5408163265306123,0.8483965014577258,0.8706439149540233,,,
rocket,2027,P05,gated,98,continuous_decision_function,False,4.66810473100486,0.5,0.8163265306122449,0.8163265306122449,0.8367346938775511,0.7959183673469388,0.803921568627451,0.8297872340425532,0.82,0.8162499999999999,0.6331807119093918,0.6326530612244898,0.5204081632653061,0.8563098708871303,0.879538027549381,,,
rocket,2027,P06,raw,86,continuous_decision_function,False,5.786390984001628,0.5,0.4069767441860465,0.4069767441860465,0.2558139534883721,0.5581395348837209,0.36666666666666664,0.42857142857142855,0.3013698630136986,0.39310917393109174,-0.19518001458970666,-0.18604651162790697,0.3488372093023256,0.4283396430502974,0.4616071660298916,,,
rocket,2027,P06,gated,86,continuous_decision_function,False,4.862648275004176,0.5,0.4069767441860465,0.4069767441860465,0.2558139534883721,0.5581395348837209,0.36666666666666664,0.42857142857142855,0.3013698630136986,0.39310917393109174,-0.19518001458970666,-0.18604651162790697,0.3488372093023256,0.41806381828015143,0.45838624837852193,,,
rocket,2027,P07,raw,98,continuous_decision_function,False,4.378452793003817,0.5,0.7448979591836735,0.7448979591836735,0.6938775510204082,0.7959183673469388,0.7727272727272727,0.7222222222222222,0.7311827956989247,0.7442321745484914,0.49236596391733095,0.48979591836734704,0.4489795918367347,0.844231570179092,0.8589092689421336,,,
rocket,2027,P07,gated,98,continuous_decision_function,False,5.2916899690026185,0.5,0.7755102040816326,0.7755102040816326,0.7142857142857143,0.8367346938775511,0.813953488372093,0.7454545454545455,0.7608695652173914,0.774665551839465,0.5551983817780488,0.5510204081632653,0.4387755102040816,0.8563098708871304,0.8687598785559822,,,
rocket,2027,P08,raw,84,continuous_decision_function,False,5.243339636006567,0.5,0.6666666666666666,0.6666666666666666,0.7619047619047619,0.5714285714285714,0.64,0.7058823529411765,0.6956521739130435,0.6636155606407322,0.3395498750508662,0.33333333333333326,0.5952380952380952,0.6921768707482994,0.6523274067838282,,,
rocket,2027,P08,gated,84,continuous_decision_function,False,5.952832087001298,0.5,0.6785714285714286,0.6785714285714286,0.7619047619047619,0.5952380952380952,0.6530612244897959,0.7142857142857143,0.7032967032967034,0.6763236763236764,0.3622089663122214,0.3571428571428572,0.5833333333333334,0.6836734693877551,0.6480446440985073,,,
rocket,2027,P09,raw,76,continuous_decision_function,False,5.392561902997841,0.5,0.6842105263157895,0.6842105263157895,0.7631578947368421,0.6052631578947368,0.6590909090909091,0.71875,0.7073170731707317,0.6822299651567945,0.3731012536223183,0.368421052631579,0.5789473684210527,0.7766620498614959,0.7219551678206962,,,
rocket,2027,P09,gated,76,continuous_decision_function,False,4.014457663994108,0.5,0.6710526315789473,0.6710526315789473,0.7368421052631579,0.6052631578947368,0.6511627906976745,0.696969696969697,0.691358024691358,0.66962267431751,0.34510571758123426,0.3421052631578947,0.5657894736842105,0.756578947368421,0.6974793331415129,,,
rocket,2027,P10,raw,94,continuous_decision_function,False,4.753979768000136,0.5,0.6382978723404256,0.6382978723404256,0.7021276595744681,0.574468085106383,0.6226415094339622,0.6585365853658537,0.66,0.6368181818181818,0.2788775080910937,0.27659574468085113,0.5638297872340425,0.7066545948392937,0.7114573711360508,,,
rocket,2027,P10,gated,94,continuous_decision_function,False,4.652708591995179,0.5,0.6382978723404256,0.6382978723404256,0.6808510638297872,0.5957446808510638,0.6274509803921569,0.6511627906976745,0.6530612244897959,0.637641723356009,0.27760292414333837,0.27659574468085113,0.5425531914893617,0.6853779990946129,0.6946906640619012,,,
rocket,2027,P11,raw,86,continuous_decision_function,False,4.1993474339979,0.5,0.627906976744186,0.627906976744186,0.3488372093023256,0.9069767441860465,0.7894736842105263,0.582089552238806,0.4838709677419355,0.5964809384164222,0.3083035200691658,0.2558139534883721,0.22093023255813954,0.6419686316928069,0.6825001579282393,,,
rocket,2027,P11,gated,86,continuous_decision_function,False,4.433571894005581,0.5,0.6511627906976745,0.6511627906976745,0.37209302325581395,0.9302325581395349,0.8421052631578947,0.5970149253731343,0.5161290322580645,0.6217008797653959,0.3643587055362868,0.30232558139534893,0.22093023255813954,0.6684694429421307,0.6812619131192477,,,
minirocket,1005,P01,raw,92,continuous_decision_function,False,20.776723575996584,0.5,0.8043478260869565,0.8043478260869565,0.7391304347826086,0.8695652173913043,0.85,0.7692307692307693,0.7906976744186046,0.8035121025154248,0.6139406135149205,0.6086956521739131,0.43478260869565216,0.8823251417769375,0.8383521171268992,,,
minirocket,1005,P01,gated,92,continuous_decision_function,False,2.745788195003115,0.5,0.7934782608695652,0.7934782608695652,0.7391304347826086,0.8478260869565217,0.8292682926829268,0.7647058823529411,0.7816091954022989,0.7928664533712526,0.5904549227349388,0.5869565217391304,0.44565217391304346,0.887523629489603,0.8533513338990676,,,
minirocket,1005,P02,raw,96,continuous_decision_function,False,2.543190020995098,0.5,0.8020833333333334,0.8020833333333333,0.9166666666666666,0.6875,0.7457627118644068,0.8918918918918919,0.822429906542056,0.7994502473886751,0.6206848285854079,0.6041666666666667,0.6145833333333334,0.8875868055555556,0.862223703154293,,,
minirocket,1005,P02,gated,96,continuous_decision_function,False,4.146969854999043,0.5,0.8333333333333334,0.8333333333333333,0.9166666666666666,0.75,0.7857142857142857,0.9,0.8461538461538461,0.8321678321678322,0.6761234037828132,0.6666666666666667,0.5833333333333334,0.8984375,0.880684554831427,,,
minirocket,1005,P03,raw,92,continuous_decision_function,False,2.8376341619950836,0.5,0.5978260869565217,0.5978260869565217,0.5434782608695652,0.6521739130434783,0.6097560975609756,0.5882352941176471,0.5747126436781609,0.5966346723545444,0.19681830757831292,0.19565217391304346,0.44565217391304346,0.5619092627599244,0.6023100627571197,,,
minirocket,1005,P03,gated,92,continuous_decision_function,False,3.6663566210045246,0.5,0.6739130434782609,0.6739130434782609,0.6739130434782609,0.6739130434782609,0.6739130434782609,0.6739130434782609,0.6739130434782609,0.6739130434782609,0.34782608695652173,0.34782608695652173,0.5,0.6257088846880907,0.6752965443432317,,,
minirocket,1005,P04,raw,82,continuous_decision_function,False,3.532237081002677,0.5,0.5853658536585366,0.5853658536585367,0.3902439024390244,0.7804878048780488,0.64,0.5614035087719298,0.48484848484848486,0.5689548546691403,0.18543452998910612,0.1707317073170731,0.3048780487804878,0.6145151695419393,0.7133604739453316,,,
minirocket,1005,P04,gated,82,continuous_decision_function,False,3.373321617000329,0.5,0.5975609756097561,0.5975609756097562,0.3902439024390244,0.8048780487804879,0.6666666666666666,0.5689655172413793,0.49230769230769234,0.5794871794871794,0.21442250696755896,0.19512195121951215,0.2926829268292683,0.6085663295657346,0.712634931306301,,,
minirocket,1005,P05,raw,98,continuous_decision_function,False,3.3899558010016335,0.5,0.7755102040816326,0.7755102040816326,0.6122448979591837,0.9387755102040817,0.9090909090909091,0.7076923076923077,0.7317073170731707,0.76936243046641,0.5829752480681663,0.5510204081632653,0.336734693877551,0.8579758433985839,0.8876284706587674,,,
minirocket,1005,P05,gated,98,continuous_decision_function,False,2.974640291999094,0.5,0.7755102040816326,0.7755102040816326,0.6122448979591837,0.9387755102040817,0.9090909090909091,0.7076923076923077,0.7317073170731707,0.76936243046641,0.5829752480681663,0.5510204081632653,0.336734693877551,0.8592253227821741,0.8889127318041282,,,
minirocket,1005,P06,raw,86,continuous_decision_function,False,3.242167250995408,0.5,0.4418604651162791,0.4418604651162791,0.16279069767441862,0.7209302325581395,0.3684210526315789,0.4626865671641791,0.22580645161290322,0.3947214076246334,-0.14013796366780262,-0.11627906976744184,0.22093023255813954,0.3991346673877772,0.44226971149759775,,,
minirocket,1005,P06,gated,86,continuous_decision_function,False,3.9189379710005596,0.5,0.45348837209302323,0.4534883720930233,0.16279069767441862,0.7441860465116279,0.3888888888888889,0.47058823529411764,0.22950819672131148,0.40304238664894404,-0.11433239009500588,-0.09302325581395354,0.20930232558139536,0.42130881557598704,0.45035881706164727,,,
minirocket,1005,P07,raw,98,continuous_decision_function,False,3.3713744440028677,0.5,0.7142857142857143,0.7142857142857143,0.46938775510204084,0.9591836734693877,0.92,0.6438356164383562,0.6216216216216216,0.6960567124501551,0.49157281822374843,0.4285714285714286,0.25510204081632654,0.8221574344023324,0.8471306898964122,,,
minirocket,1005,P07,gated,98,continuous_decision_function,False,3.1336220770026557,0.5,0.7040816326530612,0.7040816326530612,0.46938775510204084,0.9387755102040817,0.8846153846153846,0.6388888888888888,0.6133333333333333,0.6868319559228651,0.46225016352102427,0.40816326530612246,0.2653061224489796,0.8175760099958351,0.835773393801513,,,
minirocket,1005,P08,raw,84,continuous_decision_function,False,3.6112521399991238,0.5,0.6428571428571429,0.6428571428571429,0.6428571428571429,0.6428571428571429,0.6428571428571429,0.6428571428571429,0.6428571428571429,0.6428571428571429,0.2857142857142857,0.2857142857142858,0.5,0.6695011337868481,0.6314648702205604,,,
minirocket,1005,P08,gated,84,continuous_decision_function,False,3.253751572003239,0.5,0.6785714285714286,0.6785714285714286,0.7142857142857143,0.6428571428571429,0.6666666666666666,0.6923076923076923,0.6896551724137931,0.6781609195402298,0.35805743701971643,0.3571428571428572,0.5357142857142857,0.6689342403628118,0.6304239774509482,,,
minirocket,1005,P09,raw,76,continuous_decision_function,False,3.549532322998857,0.5,0.6842105263157895,0.6842105263157895,0.9210526315789473,0.4473684210526316,0.625,0.85,0.7446808510638298,0.6654438738077769,0.4183300132670378,0.368421052631579,0.7368421052631579,0.7676592797783934,0.6979036264441445,,,
minirocket,1005,P09,gated,76,continuous_decision_function,False,3.505374843000027,0.5,0.6842105263157895,0.6842105263157895,0.9210526315789473,0.4473684210526316,0.625,0.85,0.7446808510638298,0.6654438738077769,0.4183300132670378,0.368421052631579,0.7368421052631579,0.7572714681440443,0.7147202321092812,,,
minirocket,1005,P10,raw,94,continuous_decision_function,False,2.4610292480065254,0.5,0.6808510638297872,0.6808510638297872,0.7446808510638298,0.6170212765957447,0.660377358490566,0.7073170731707317,0.7,0.6795454545454545,0.3646859721191225,0.36170212765957444,0.5638297872340425,0.7347215934812132,0.7746688088459119,,,
minirocket,1005,P10,gated,94,continuous_decision_function,False,3.7082588259945624,0.5,0.6808510638297872,0.6808510638297872,0.7021276595744681,0.6595744680851063,0.673469387755102,0.6888888888888889,0.6875,0.6807065217391304,0.3620300534999659,0.36170212765957444,0.5212765957446809,0.7365323675871435,0.7783859500764675,,,
minirocket,1005,P11,raw,86,continuous_decision_function,False,2.3463113800025894,0.5,0.6395348837209303,0.6395348837209303,0.3953488372093023,0.8837209302325582,0.7727272727272727,0.59375,0.5230769230769231,0.6166786484543494,0.31980107453341566,0.2790697674418605,0.2558139534883721,0.6684694429421307,0.734110783367514,,,
minirocket,1005,P11,gated,86,continuous_decision_function,False,2.984494004995213,0.5,0.6395348837209303,0.6395348837209303,0.3953488372093023,0.8837209302325582,0.7727272727272727,0.59375,0.5230769230769231,0.6166786484543494,0.31980107453341566,0.2790697674418605,0.2558139534883721,0.6755002704164412,0.7381576803187475,,,
minirocket,2004,P01,raw,92,continuous_decision_function,False,2.623707311002363,0.5,0.8043478260869565,0.8043478260869565,0.7391304347826086,0.8695652173913043,0.85,0.7692307692307693,0.7906976744186046,0.8035121025154248,0.6139406135149205,0.6086956521739131,0.43478260869565216,0.8761814744801513,0.8270747099283648,,,
minirocket,2004,P01,gated,92,continuous_decision_function,False,3.829130288999295,0.5,0.8043478260869565,0.8043478260869565,0.7391304347826086,0.8695652173913043,0.85,0.7692307692307693,0.7906976744186046,0.8035121025154248,0.6139406135149205,0.6086956521739131,0.43478260869565216,0.8790170132325142,0.839427932647648,,,
minirocket,2004,P02,raw,96,continuous_decision_function,False,2.335006882000016,0.5,0.78125,0.78125,0.8958333333333334,0.6666666666666666,0.7288135593220338,0.8648648648648649,0.8037383177570093,0.7783397471137987,0.5778789783381384,0.5625,0.6145833333333334,0.888888888888889,0.8828095141807732,,,
minirocket,2004,P02,gated,96,continuous_decision_function,False,2.3688739460048964,0.5,0.7916666666666666,0.7916666666666667,0.875,0.7083333333333334,0.75,0.85,0.8076923076923077,0.7902097902097902,0.5916079783099616,0.5833333333333333,0.5833333333333334,0.89453125,0.8807865605447311,,,
minirocket,2004,P03,raw,92,continuous_decision_function,False,4.2355213990013,0.5,0.5217391304347826,0.5217391304347826,0.4782608695652174,0.5652173913043478,0.5238095238095238,0.52,0.5,0.5208333333333333,0.04364357804719848,0.04347826086956519,0.45652173913043476,0.49054820415879014,0.5696744808169295,,,
minirocket,2004,P03,gated,92,continuous_decision_function,False,2.5022143960013636,0.5,0.5434782608695652,0.5434782608695652,0.6304347826086957,0.45652173913043476,0.5370370370370371,0.5526315789473685,0.58,0.54,0.08830215713766958,0.08695652173913038,0.5869565217391305,0.581758034026465,0.613707041175278,,,
minirocket,2004,P04,raw,82,continuous_decision_function,False,3.923883752999245,0.5,0.6097560975609756,0.6097560975609756,0.3902439024390244,0.8292682926829268,0.6956521739130435,0.576271186440678,0.5,0.5900000000000001,0.2443163804090564,0.2195121951219512,0.2804878048780488,0.6151100535395598,0.7176801225769812,,,
minirocket,2004,P04,gated,82,continuous_decision_function,False,3.5316106469981605,0.5,0.6097560975609756,0.6097560975609756,0.3902439024390244,0.8292682926829268,0.6956521739130435,0.576271186440678,0.5,0.5900000000000001,0.2443163804090564,0.2195121951219512,0.2804878048780488,0.6204640095181438,0.7193128518293195,,,
minirocket,2004,P05,raw,98,continuous_decision_function,False,2.8697654839997995,0.5,0.7653061224489796,0.7653061224489797,0.6122448979591837,0.9183673469387755,0.8823529411764706,0.703125,0.7228915662650602,0.7596758716281053,0.5573704017131537,0.5306122448979591,0.3469387755102041,0.8592253227821741,0.8801045918712675,,,
minirocket,2004,P05,gated,98,continuous_decision_function,False,3.2198223890009103,0.5,0.7755102040816326,0.7755102040816326,0.6326530612244898,0.9183673469387755,0.8857142857142857,0.7142857142857143,0.7380952380952381,0.7708333333333334,0.5749889084999459,0.5510204081632653,0.35714285714285715,0.8642232403165347,0.8855958195217595,,,
minirocket,2004,P06,raw,86,continuous_decision_function,False,2.8805798980029067,0.5,0.47674418604651164,0.4767441860465116,0.16279069767441862,0.7906976744186046,0.4375,0.4857142857142857,0.23728813559322035,0.4195290235488226,-0.05976143046671968,-0.046511627906976716,0.18604651162790697,0.4267171444023797,0.4560333434203049,,,
minirocket,2004,P06,gated,86,continuous_decision_function,False,3.349530543004221,0.5,0.46511627906976744,0.4651162790697675,0.16279069767441862,0.7674418604651163,0.4117647058823529,0.4782608695652174,0.23333333333333334,0.4113095238095238,-0.08759357437106756,-0.06976744186046513,0.19767441860465115,0.4402379664683613,0.4534377579852057,,,
minirocket,2004,P07,raw,98,continuous_decision_function,False,3.509824007000134,0.5,0.7142857142857143,0.7142857142857143,0.46938775510204084,0.9591836734693877,0.92,0.6438356164383562,0.6216216216216216,0.6960567124501551,0.49157281822374843,0.4285714285714286,0.25510204081632654,0.8213244481466057,0.8499630009265007,,,
minirocket,2004,P07,gated,98,continuous_decision_function,False,3.5063576769971405,0.5,0.7040816326530612,0.7040816326530612,0.4489795918367347,0.9591836734693877,0.9166666666666666,0.6351351351351351,0.6027397260273972,0.6834836841519101,0.47457899787624946,0.40816326530612246,0.24489795918367346,0.8134110787172012,0.8383016863901063,,,
minirocket,2004,P08,raw,84,continuous_decision_function,False,3.4096484659967246,0.5,0.6190476190476191,0.6190476190476191,0.5952380952380952,0.6428571428571429,0.625,0.6136363636363636,0.6097560975609756,0.6188315371525808,0.2383656473113981,0.23809523809523814,0.47619047619047616,0.6683673469387754,0.6300185544768633,,,
minirocket,2004,P08,gated,84,continuous_decision_function,False,3.7450895349975326,0.5,0.6190476190476191,0.6190476190476191,0.5952380952380952,0.6428571428571429,0.625,0.6136363636363636,0.6097560975609756,0.6188315371525808,0.2383656473113981,0.23809523809523814,0.47619047619047616,0.6683673469387755,0.6320326463696481,,,
minirocket,2004,P09,raw,76,continuous_decision_function,False,3.7825363840020145,0.5,0.6578947368421053,0.6578947368421053,0.9210526315789473,0.39473684210526316,0.603448275862069,0.8333333333333334,0.7291666666666666,0.6324404761904762,0.3713906763541037,0.3157894736842106,0.7631578947368421,0.7600415512465374,0.703756071463674,,,
minirocket,2004,P09,gated,76,continuous_decision_function,False,2.656045584997628,0.5,0.6447368421052632,0.6447368421052632,0.8947368421052632,0.39473684210526316,0.5964912280701754,0.7894736842105263,0.7157894736842105,0.6210526315789473,0.3342554190045202,0.2894736842105263,0.75,0.7406509695290858,0.6949223902507481,,,
minirocket,2004,P10,raw,94,continuous_decision_function,False,2.810455822000222,0.5,0.6382978723404256,0.6382978723404256,0.723404255319149,0.5531914893617021,0.6181818181818182,0.6666666666666666,0.6666666666666666,0.6356589147286822,0.2806917861068948,0.27659574468085113,0.5851063829787234,0.7451335445903123,0.7812897502854343,,,
minirocket,2004,P10,gated,94,continuous_decision_function,False,2.325302876997739,0.5,0.6808510638297872,0.6808510638297872,0.7446808510638298,0.6170212765957447,0.660377358490566,0.7073170731707317,0.7,0.6795454545454545,0.3646859721191225,0.36170212765957444,0.5638297872340425,0.7510185604345857,0.7751978902033774,,,
minirocket,2004,P11,raw,86,continuous_decision_function,False,4.235847167998145,0.5,0.6395348837209303,0.6395348837209303,0.3953488372093023,0.8837209302325582,0.7727272727272727,0.59375,0.5230769230769231,0.6166786484543494,0.31980107453341566,0.2790697674418605,0.2558139534883721,0.672796106003245,0.730267074554754,,,
minirocket,2004,P11,gated,86,continuous_decision_function,False,2.773503916003392,0.5,0.6511627906976745,0.6511627906976744,0.3953488372093023,0.9069767441860465,0.8095238095238095,0.6,0.53125,0.6267361111111112,0.35186577527449836,0.30232558139534893,0.2441860465116279,0.6798269334775554,0.7370562924574593,,,
minirocket,2027,P01,raw,92,continuous_decision_function,False,2.8527619230007986,0.5,0.7934782608695652,0.7934782608695652,0.717391304347826,0.8695652173913043,0.8461538461538461,0.7547169811320755,0.7764705882352941,0.7922756981580511,0.5938729247896879,0.5869565217391304,0.42391304347826086,0.8837429111531191,0.8558573503639738,,,
minirocket,2027,P01,gated,92,continuous_decision_function,False,3.456531283998629,0.5,0.7934782608695652,0.7934782608695652,0.717391304347826,0.8695652173913043,0.8461538461538461,0.7547169811320755,0.7764705882352941,0.7922756981580511,0.5938729247896879,0.5869565217391304,0.42391304347826086,0.8818525519848771,0.8524074269172236,,,
minirocket,2027,P02,raw,96,continuous_decision_function,False,3.4674188009958016,0.5,0.8020833333333334,0.8020833333333333,0.9166666666666666,0.6875,0.7457627118644068,0.8918918918918919,0.822429906542056,0.7994502473886751,0.6206848285854079,0.6041666666666667,0.6145833333333334,0.8975694444444444,0.8678124845652188,,,
minirocket,2027,P02,gated,96,continuous_decision_function,False,4.048305134005204,0.5,0.8229166666666666,0.8229166666666667,0.8958333333333334,0.75,0.7818181818181819,0.8780487804878049,0.8349514563106796,0.8219701101778116,0.652812438471125,0.6458333333333333,0.5729166666666666,0.8975694444444444,0.8655739192259779,,,
minirocket,2027,P03,raw,92,continuous_decision_function,False,4.383774089998042,0.5,0.4891304347826087,0.4891304347826087,0.34782608695652173,0.6304347826086957,0.48484848484848486,0.4915254237288136,0.4050632911392405,0.47872212176009643,-0.022662980454966827,-0.021739130434782594,0.358695652173913,0.42863894139886577,0.46521278028901303,,,
minirocket,2027,P03,gated,92,continuous_decision_function,False,3.037962865004374,0.5,0.5543478260869565,0.5543478260869565,0.4782608695652174,0.6304347826086957,0.5641025641025641,0.5471698113207547,0.5176470588235295,0.5517528223410577,0.10997646755364592,0.10869565217391308,0.42391304347826086,0.5628544423440454,0.5901358611785597,,,
minirocket,2027,P04,raw,82,continuous_decision_function,False,2.982964262002497,0.5,0.6097560975609756,0.6097560975609756,0.3902439024390244,0.8292682926829268,0.6956521739130435,0.576271186440678,0.5,0.5900000000000001,0.2443163804090564,0.2195121951219512,0.2804878048780488,0.6329565734681737,0.7229605385046948,,,
minirocket,2027,P04,gated,82,continuous_decision_function,False,2.9881618060026085,0.5,0.6097560975609756,0.6097560975609756,0.3902439024390244,0.8292682926829268,0.6956521739130435,0.576271186440678,0.5,0.5900000000000001,0.2443163804090564,0.2195121951219512,0.2804878048780488,0.6323616894705533,0.7223435764566288,,,
minirocket,2027,P05,raw,98,continuous_decision_function,False,3.911942484002793,0.5,0.7653061224489796,0.7653061224489797,0.6326530612244898,0.8979591836734694,0.8611111111111112,0.7096774193548387,0.7294117647058823,0.7611022787493376,0.5503338836674923,0.5306122448979591,0.3673469387755102,0.8667221990837151,0.8855695933628427,,,
minirocket,2027,P05,gated,98,continuous_decision_function,False,3.427708077993884,0.5,0.7653061224489796,0.7653061224489797,0.6326530612244898,0.8979591836734694,0.8611111111111112,0.7096774193548387,0.7294117647058823,0.7611022787493376,0.5503338836674923,0.5306122448979591,0.3673469387755102,0.8629737609329445,0.8841226361043251,,,
minirocket,2027,P06,raw,86,continuous_decision_function,False,3.2617871209949953,0.5,0.47674418604651164,0.47674418604651164,0.18604651162790697,0.7674418604651163,0.4444444444444444,0.4852941176470588,0.26229508196721313,0.42844483828090385,-0.05716619504750294,-0.046511627906976716,0.20930232558139536,0.41049215792320176,0.44905484038758564,,,
minirocket,2027,P06,gated,86,continuous_decision_function,False,3.661009909999848,0.5,0.46511627906976744,0.4651162790697675,0.16279069767441862,0.7674418604651163,0.4117647058823529,0.4782608695652174,0.23333333333333334,0.4113095238095238,-0.08759357437106756,-0.06976744186046513,0.19767441860465115,0.4267171444023797,0.45437685950695395,,,
minirocket,2027,P07,raw,98,continuous_decision_function,False,3.538518681001733,0.5,0.7346938775510204,0.7346938775510204,0.5306122448979592,0.9387755102040817,0.896551724137931,0.6666666666666666,0.6666666666666666,0.7231638418079096,0.5141671091113802,0.4693877551020409,0.29591836734693877,0.8367346938775511,0.8528727146992743,,,
minirocket,2027,P07,gated,98,continuous_decision_function,False,3.423853020001843,0.5,0.7142857142857143,0.7142857142857143,0.4897959183673469,0.9387755102040817,0.8888888888888888,0.647887323943662,0.631578947368421,0.6991228070175439,0.47963209687927216,0.4285714285714286,0.2755102040816326,0.8234069137859226,0.8374749477627617,,,
minirocket,2027,P08,raw,84,continuous_decision_function,False,2.8143823819991667,0.5,0.6309523809523809,0.6309523809523809,0.6190476190476191,0.6428571428571429,0.6341463414634146,0.627906976744186,0.6265060240963856,0.6309000708717222,0.2619790295262475,0.26190476190476186,0.4880952380952381,0.6638321995464852,0.626590248288685,,,
minirocket,2027,P08,gated,84,continuous_decision_function,False,3.034131256994442,0.5,0.6428571428571429,0.6428571428571428,0.6666666666666666,0.6190476190476191,0.6363636363636364,0.65,0.6511627906976745,0.6426545660805445,0.28603877677367767,0.2857142857142858,0.5238095238095238,0.6615646258503401,0.6246085381630082,,,
minirocket,2027,P09,raw,76,continuous_decision_function,False,3.382620908996614,0.5,0.6447368421052632,0.6447368421052632,0.9210526315789473,0.3684210526315789,0.5932203389830508,0.8235294117647058,0.7216494845360825,0.6153701968134957,0.3473299378728699,0.2894736842105263,0.7763157894736842,0.7697368421052632,0.7285738456789433,,,
minirocket,2027,P09,gated,76,continuous_decision_function,False,2.4475719699985348,0.5,0.6447368421052632,0.6447368421052632,0.9736842105263158,0.3157894736842105,0.5873015873015873,0.9230769230769231,0.7326732673267327,0.6016307513104251,0.38437110679803677,0.2894736842105263,0.8289473684210527,0.7551939058171745,0.7207393481934704,,,
minirocket,2027,P10,raw,94,continuous_decision_function,False,2.471361651994812,0.5,0.6063829787234043,0.6063829787234043,0.723404255319149,0.48936170212765956,0.5862068965517241,0.6388888888888888,0.6476190476190476,0.6009179575444636,0.21884405476620428,0.2127659574468086,0.6170212765957447,0.7292892711634222,0.7684515394107332,,,
minirocket,2027,P10,gated,94,continuous_decision_function,False,4.2606849190051435,0.5,0.6276595744680851,0.6276595744680851,0.723404255319149,0.5319148936170213,0.6071428571428571,0.6578947368421053,0.6601941747572816,0.6242147344374643,0.260132990857236,0.25531914893617014,0.5957446808510638,0.7320054323223179,0.7714397215976956,,,
minirocket,2027,P11,raw,86,continuous_decision_function,False,3.2031075400009286,0.5,0.6395348837209303,0.6395348837209303,0.3953488372093023,0.8837209302325582,0.7727272727272727,0.59375,0.5230769230769231,0.6166786484543494,0.31980107453341566,0.2790697674418605,0.2558139534883721,0.679286100594916,0.7381710775721597,,,
minirocket,2027,P11,gated,86,continuous_decision_function,False,3.3077531550006825,0.5,0.6511627906976745,0.6511627906976744,0.3953488372093023,0.9069767441860465,0.8095238095238095,0.6,0.53125,0.6267361111111112,0.35186577527449836,0.30232558139534893,0.2441860465116279,0.6814494321254733,0.7427719045312947,,,
multirocket,1005,P01,raw,92,continuous_decision_function,False,26.766476589000376,0.5,0.782608695652174,0.7826086956521738,0.7391304347826086,0.8260869565217391,0.8095238095238095,0.76,0.7727272727272727,0.7821969696969697,0.5673665146135801,0.5652173913043479,0.45652173913043476,0.8100189035916825,0.8154780865962488,,,
multirocket,1005,P01,gated,92,continuous_decision_function,False,4.515063298000314,0.5,0.75,0.75,0.6956521739130435,0.8043478260869565,0.7804878048780488,0.7254901960784313,0.735632183908046,0.7492593909230951,0.5029801193667996,0.5,0.44565217391304346,0.8043478260869565,0.7994388583330442,,,
multirocket,1005,P02,raw,96,continuous_decision_function,False,4.008762741999817,0.5,0.75,0.75,0.7708333333333334,0.7291666666666666,0.74,0.7608695652173914,0.7551020408163265,0.7498914459400781,0.5004345937369794,0.5,0.5208333333333334,0.7977430555555557,0.7607127222090834,,,
multirocket,1005,P02,gated,96,continuous_decision_function,False,4.709321545000421,0.5,0.7395833333333334,0.7395833333333333,0.7291666666666666,0.75,0.7446808510638298,0.7346938775510204,0.7368421052631579,0.7395550732501357,0.47927068635022496,0.47916666666666674,0.4895833333333333,0.8198784722222222,0.7905397091097578,,,
multirocket,1005,P03,raw,92,continuous_decision_function,False,4.894760739996855,0.5,0.5217391304347826,0.5217391304347826,0.32608695652173914,0.717391304347826,0.5357142857142857,0.515625,0.40540540540540543,0.5027027027027027,0.04724555912615341,0.04347826086956519,0.30434782608695654,0.41540642722117205,0.5340373198057611,,,
multirocket,1005,P03,gated,92,continuous_decision_function,False,4.406445253000129,0.5,0.45652173913043476,0.4565217391304348,0.13043478260869565,0.782608695652174,0.375,0.47368421052631576,0.1935483870967742,0.39185616076150187,-0.11470786693528089,-0.08695652173913049,0.17391304347826086,0.3133270321361058,0.45771356048866635,,,
multirocket,1005,P04,raw,82,continuous_decision_function,False,4.436579312001413,0.5,0.5853658536585366,0.5853658536585367,0.3902439024390244,0.7804878048780488,0.64,0.5614035087719298,0.48484848484848486,0.5689548546691403,0.18543452998910612,0.1707317073170731,0.3048780487804878,0.6073765615704938,0.6644307415738713,,,
multirocket,1005,P04,gated,82,continuous_decision_function,False,4.172549888004141,0.5,0.5853658536585366,0.5853658536585367,0.3902439024390244,0.7804878048780488,0.64,0.5614035087719298,0.48484848484848486,0.5689548546691403,0.18543452998910612,0.1707317073170731,0.3048780487804878,0.6079714455681142,0.6621919307115436,,,
multirocket,1005,P05,raw,98,continuous_decision_function,False,3.937134628002241,0.5,0.6632653061224489,0.6632653061224489,0.5102040816326531,0.8163265306122449,0.7352941176470589,0.625,0.6024096385542169,0.6551871201620643,0.34299717028501764,0.3265306122448979,0.3469387755102041,0.741774260724698,0.7823718591925193,,,
multirocket,1005,P05,gated,98,continuous_decision_function,False,4.687475294995238,0.5,0.6530612244897959,0.653061224489796,0.4897959183673469,0.8163265306122449,0.7272727272727273,0.6153846153846154,0.5853658536585366,0.6435601198117245,0.32387513781564786,0.30612244897959173,0.336734693877551,0.6647230320699709,0.7135212957935826,,,
multirocket,1005,P06,raw,86,continuous_decision_function,False,4.300626742995519,0.5,0.4418604651162791,0.4418604651162791,0.16279069767441862,0.7209302325581395,0.3684210526315789,0.4626865671641791,0.22580645161290322,0.3947214076246334,-0.14013796366780262,-0.11627906976744184,0.22093023255813954,0.41103299080584094,0.4506947265841307,,,
multirocket,1005,P06,gated,86,continuous_decision_function,False,4.872693338998943,0.5,0.45348837209302323,0.4534883720930233,0.16279069767441862,0.7441860465116279,0.3888888888888889,0.47058823529411764,0.22950819672131148,0.40304238664894404,-0.11433239009500588,-0.09302325581395354,0.20930232558139536,0.43861546782044347,0.4768321076280378,,,
multirocket,1005,P07,raw,98,continuous_decision_function,False,4.034513826998591,0.5,0.6632653061224489,0.6632653061224489,0.3877551020408163,0.9387755102040817,0.8636363636363636,0.6052631578947368,0.5352112676056338,0.6356056338028169,0.3912927904356148,0.3265306122448979,0.22448979591836735,0.778009162848813,0.8097945663366735,,,
multirocket,1005,P07,gated,98,continuous_decision_function,False,5.126250932000403,0.5,0.7346938775510204,0.7346938775510203,0.5102040816326531,0.9591836734693877,0.9259259259259259,0.6619718309859155,0.6578947368421053,0.7206140350877193,0.5253113442011076,0.4693877551020409,0.2755102040816326,0.773844231570179,0.8168032274965928,,,
multirocket,1005,P08,raw,84,continuous_decision_function,False,4.537971483994625,0.5,0.5714285714285714,0.5714285714285714,0.5238095238095238,0.6190476190476191,0.5789473684210527,0.5652173913043478,0.55,0.5704545454545455,0.14350946197048198,0.1428571428571428,0.4523809523809524,0.5816326530612245,0.5891915401258697,,,
multirocket,1005,P08,gated,84,continuous_decision_function,False,5.163248402001045,0.5,0.5952380952380952,0.5952380952380953,0.5476190476190477,0.6428571428571429,0.6052631578947368,0.5869565217391305,0.575,0.5943181818181817,0.19134594929397594,0.19047619047619047,0.4523809523809524,0.5907029478458049,0.5992982697885157,,,
multirocket,1005,P09,raw,76,continuous_decision_function,False,4.750123753998196,0.5,0.6578947368421053,0.6578947368421052,0.9473684210526315,0.3684210526315789,0.6,0.875,0.7346938775510204,0.6266061980347695,0.3872983346207417,0.3157894736842106,0.7894736842105263,0.7039473684210527,0.6603674528309144,,,
multirocket,1005,P09,gated,76,continuous_decision_function,False,4.775431004003622,0.5,0.631578947368421,0.631578947368421,0.9473684210526315,0.3157894736842105,0.5806451612903226,0.8571428571428571,0.72,0.5907692307692307,0.33942211665106536,0.26315789473684204,0.8157894736842105,0.6471606648199446,0.6220828189203328,,,
multirocket,1005,P10,raw,94,continuous_decision_function,False,4.090797397999268,0.5,0.5957446808510638,0.5957446808510638,0.6595744680851063,0.5319148936170213,0.5849056603773585,0.6097560975609756,0.62,0.5940909090909091,0.19306904406306488,0.1914893617021276,0.5638297872340425,0.6822091444092349,0.7270911292825734,,,
multirocket,1005,P10,gated,94,continuous_decision_function,False,4.394138051000482,0.5,0.6170212765957447,0.6170212765957447,0.7021276595744681,0.5319148936170213,0.6,0.6410256410256411,0.6470588235294118,0.6142270861833106,0.23750843439814176,0.23404255319148937,0.5851063829787234,0.6939791760977818,0.7537326479218146,,,
multirocket,1005,P11,raw,86,continuous_decision_function,False,4.538524593997863,0.5,0.6046511627906976,0.6046511627906976,0.32558139534883723,0.8837209302325582,0.7368421052631579,0.5671641791044776,0.45161290322580644,0.5712609970674487,0.2522483346020447,0.20930232558139528,0.22093023255813954,0.5651703623580313,0.6293840422479613,,,
multirocket,1005,P11,gated,86,continuous_decision_function,False,4.264557184003934,0.5,0.6627906976744186,0.6627906976744187,0.4418604651162791,0.8837209302325582,0.7916666666666666,0.6129032258064516,0.5671641791044776,0.6454868514570007,0.36293309315564887,0.3255813953488371,0.27906976744186046,0.6133044889129259,0.6593818573300703,,,
multirocket,2004,P01,raw,92,continuous_decision_function,False,5.379675096999563,0.5,0.7608695652173914,0.7608695652173914,0.6956521739130435,0.8260869565217391,0.8,0.7307692307692307,0.7441860465116279,0.7598481252966303,0.5262348115842176,0.5217391304347827,0.43478260869565216,0.8100189035916824,0.7740916352329442,,,
multirocket,2004,P01,gated,92,continuous_decision_function,False,4.496593710005982,0.5,0.7391304347826086,0.7391304347826086,0.717391304347826,0.7608695652173914,0.75,0.7291666666666666,0.7333333333333333,0.7390070921985815,0.478713553878169,0.4782608695652173,0.4782608695652174,0.7996219281663516,0.7598282933854018,,,
multirocket,2004,P02,raw,96,continuous_decision_function,False,4.823990623001009,0.5,0.7395833333333334,0.7395833333333334,0.7708333333333334,0.7083333333333334,0.7254901960784313,0.7555555555555555,0.7474747474747475,0.7393287715868362,0.4801052898319479,0.47916666666666674,0.53125,0.8190104166666667,0.7956382338737076,,,
multirocket,2004,P02,gated,96,continuous_decision_function,False,4.1198234429975855,0.5,0.7708333333333334,0.7708333333333333,0.7916666666666666,0.75,0.76,0.782608695652174,0.7755102040816326,0.7707338254450716,0.5421374765483944,0.5416666666666667,0.5208333333333334,0.8111979166666666,0.7931629711239789,,,
multirocket,2004,P03,raw,92,continuous_decision_function,False,4.670420258000377,0.5,0.4673913043478261,0.46739130434782605,0.21739130434782608,0.717391304347826,0.43478260869565216,0.4782608695652174,0.2898550724637681,0.4318840579710145,-0.07530655685082076,-0.06521739130434778,0.25,0.3946124763705104,0.5087812130380683,,,
multirocket,2004,P03,gated,92,continuous_decision_function,False,4.66705107800226,0.5,0.44565217391304346,0.44565217391304346,0.391304347826087,0.5,0.43902439024390244,0.45098039215686275,0.41379310344827586,0.4440099537859936,-0.10934350421017384,-0.10869565217391308,0.44565217391304346,0.45699432892249525,0.570516480680443,,,
multirocket,2004,P04,raw,82,continuous_decision_function,False,4.2787068680045195,0.5,0.5975609756097561,0.5975609756097561,0.4146341463414634,0.7804878048780488,0.6538461538461539,0.5714285714285714,0.5074626865671642,0.5836282505000769,0.20965696734438366,0.19512195121951215,0.3170731707317073,0.6228435455086258,0.6953673154777716,,,
multirocket,2004,P04,gated,82,continuous_decision_function,False,3.7577831009984948,0.5,0.5853658536585366,0.5853658536585367,0.3902439024390244,0.7804878048780488,0.64,0.5614035087719298,0.48484848484848486,0.5689548546691403,0.18543452998910612,0.1707317073170731,0.3048780487804878,0.6305770374776919,0.6894425477942325,,,
multirocket,2004,P05,raw,98,continuous_decision_function,False,4.432322581997141,0.5,0.6632653061224489,0.6632653061224489,0.5510204081632653,0.7755102040816326,0.7105263157894737,0.6333333333333333,0.6206896551724138,0.6589686807972162,0.33508312663335643,0.3265306122448979,0.3877551020408163,0.7284464806330695,0.772222744329723,,,
multirocket,2004,P05,gated,98,continuous_decision_function,False,4.405613263996202,0.5,0.6428571428571429,0.6428571428571428,0.4897959183673469,0.7959183673469388,0.7058823529411765,0.609375,0.5783132530120482,0.6342893698688559,0.30012252399939043,0.2857142857142858,0.3469387755102041,0.6867971678467305,0.7406672040052993,,,
multirocket,2004,P06,raw,86,continuous_decision_function,False,4.0859610850020545,0.5,0.4186046511627907,0.41860465116279066,0.11627906976744186,0.7209302325581395,0.29411764705882354,0.4492753623188406,0.16666666666666666,0.3601190476190476,-0.2043850068658243,-0.16279069767441856,0.19767441860465115,0.4218496484586263,0.45140405162970504,,,
multirocket,2004,P06,gated,86,continuous_decision_function,False,4.251847526997153,0.5,0.4418604651162791,0.4418604651162791,0.09302325581395349,0.7906976744186046,0.3076923076923077,0.4657534246575342,0.14285714285714285,0.3645320197044335,-0.16230686829029886,-0.11627906976744184,0.1511627906976744,0.44780962682531095,0.4738486959596476,,,
multirocket,2004,P07,raw,98,continuous_decision_function,False,4.317344966002565,0.5,0.6632653061224489,0.6632653061224489,0.40816326530612246,0.9183673469387755,0.8333333333333334,0.6081081081081081,0.547945205479452,0.6398262612763114,0.3796631983009996,0.3265306122448979,0.24489795918367346,0.7509371095376925,0.7927317905863039,,,
multirocket,2004,P07,gated,98,continuous_decision_function,False,5.025506707002933,0.5,0.6224489795918368,0.6224489795918368,0.3673469387755102,0.8775510204081632,0.75,0.581081081081081,0.4931506849315068,0.5961688384007128,0.28474739872574967,0.24489795918367352,0.24489795918367346,0.753436068304873,0.7857716722545693,,,
multirocket,2004,P08,raw,84,continuous_decision_function,False,4.834638818996609,0.5,0.5476190476190477,0.5476190476190476,0.42857142857142855,0.6666666666666666,0.5625,0.5384615384615384,0.4864864864864865,0.5411155836687751,0.09805806756909202,0.09523809523809534,0.38095238095238093,0.5595238095238095,0.6078130229064408,,,
multirocket,2004,P08,gated,84,continuous_decision_function,False,5.033246903003601,0.5,0.5595238095238095,0.5595238095238095,0.47619047619047616,0.6428571428571429,0.5714285714285714,0.5510204081632653,0.5194805194805194,0.5564435564435564,0.12073632210407378,0.11904761904761907,0.4166666666666667,0.5566893424036281,0.5908324856412228,,,
multirocket,2004,P09,raw,76,continuous_decision_function,False,4.678946214997268,0.5,0.631578947368421,0.631578947368421,0.9210526315789473,0.34210526315789475,0.5833333333333334,0.8125,0.7142857142857143,0.5978835978835979,0.3227486121839514,0.26315789473684204,0.7894736842105263,0.7247229916897507,0.6777316888204571,,,
multirocket,2004,P09,gated,76,continuous_decision_function,False,5.429711605996999,0.5,0.6052631578947368,0.6052631578947368,0.9210526315789473,0.2894736842105263,0.5645161290322581,0.7857142857142857,0.7,0.5615384615384615,0.27153769332085226,0.21052631578947367,0.8157894736842105,0.6838642659279778,0.6794387046655245,,,
multirocket,2004,P10,raw,94,continuous_decision_function,False,4.509620719996747,0.5,0.648936170212766,0.648936170212766,0.6808510638297872,0.6170212765957447,0.64,0.6590909090909091,0.6597938144329897,0.6485782258978134,0.2984810028978546,0.2978723404255319,0.5319148936170213,0.6985061113626075,0.7102451026687914,,,
multirocket,2004,P10,gated,94,continuous_decision_function,False,4.056738120998489,0.5,0.6382978723404256,0.6382978723404256,0.6382978723404256,0.6382978723404256,0.6382978723404256,0.6382978723404256,0.6382978723404256,0.6382978723404256,0.2765957446808511,0.27659574468085113,0.5,0.6853779990946129,0.7308176621669636,,,
multirocket,2004,P11,raw,86,continuous_decision_function,False,4.3820628619942,0.5,0.6046511627906976,0.6046511627906976,0.32558139534883723,0.8837209302325582,0.7368421052631579,0.5671641791044776,0.45161290322580644,0.5712609970674487,0.2522483346020447,0.20930232558139528,0.22093023255813954,0.6187128177393185,0.6472581376485598,,,
multirocket,2004,P11,gated,86,continuous_decision_function,False,5.040657017998456,0.5,0.6046511627906976,0.6046511627906976,0.3488372093023256,0.8604651162790697,0.7142857142857143,0.5692307692307692,0.46875,0.5769675925925926,0.24359938288234503,0.20930232558139528,0.2441860465116279,0.6657652785289345,0.6713367156936287,,,
multirocket,2027,P01,raw,92,continuous_decision_function,False,5.163994708003884,0.5,0.7608695652173914,0.7608695652173914,0.6956521739130435,0.8260869565217391,0.8,0.7307692307692307,0.7441860465116279,0.7598481252966303,0.5262348115842176,0.5217391304347827,0.43478260869565216,0.8123818525519849,0.8159276056865377,,,
multirocket,2027,P01,gated,92,continuous_decision_function,False,4.511392369997338,0.5,0.7608695652173914,0.7608695652173914,0.6739130434782609,0.8478260869565217,0.8157894736842105,0.7222222222222222,0.7380952380952381,0.7590476190476191,0.5298129428260174,0.5217391304347827,0.41304347826086957,0.8071833648393195,0.8028355051538592,,,
multirocket,2027,P02,raw,96,continuous_decision_function,False,4.320302108004398,0.5,0.7395833333333334,0.7395833333333333,0.7916666666666666,0.6875,0.7169811320754716,0.7674418604651163,0.7524752475247525,0.7388749863997388,0.4817876613118741,0.47916666666666674,0.5520833333333334,0.8046875,0.7898710771579123,,,
multirocket,2027,P02,gated,96,continuous_decision_function,False,4.454410837999603,0.5,0.7604166666666666,0.7604166666666667,0.75,0.7708333333333334,0.7659574468085106,0.7551020408163265,0.7578947368421053,0.7603906673901248,0.5209463982067662,0.5208333333333333,0.4895833333333333,0.814236111111111,0.7891472121091221,,,
multirocket,2027,P03,raw,92,continuous_decision_function,False,4.613867788997595,0.5,0.5434782608695652,0.5434782608695652,0.41304347826086957,0.6739130434782609,0.5588235294117647,0.5344827586206896,0.475,0.5355769230769231,0.090075469822209,0.08695652173913038,0.3695652173913043,0.46928166351606804,0.5934657404515231,,,
multirocket,2027,P03,gated,92,continuous_decision_function,False,4.784510824996687,0.5,0.5652173913043478,0.5652173913043478,0.45652173913043476,0.6739130434782609,0.5833333333333334,0.5535714285714286,0.5121951219512195,0.5600191296030608,0.1336306209562122,0.13043478260869557,0.391304347826087,0.5198487712665407,0.6067466760102769,,,
multirocket,2027,P04,raw,82,continuous_decision_function,False,4.106122299999697,0.5,0.5853658536585366,0.5853658536585367,0.3902439024390244,0.7804878048780488,0.64,0.5614035087719298,0.48484848484848486,0.5689548546691403,0.18543452998910612,0.1707317073170731,0.3048780487804878,0.6198691255205235,0.6779282987014622,,,
multirocket,2027,P04,gated,82,continuous_decision_function,False,3.9510459960001754,0.5,0.5975609756097561,0.5975609756097561,0.4146341463414634,0.7804878048780488,0.6538461538461539,0.5714285714285714,0.5074626865671642,0.5836282505000769,0.20965696734438366,0.19512195121951215,0.3170731707317073,0.5966686496133256,0.6675353441982671,,,
multirocket,2027,P05,raw,98,continuous_decision_function,False,4.711777374999656,0.5,0.6530612244897959,0.653061224489796,0.5306122448979592,0.7755102040816326,0.7027027027027027,0.6229508196721312,0.6046511627906976,0.6477801268498943,0.3157370009805858,0.30612244897959173,0.37755102040816324,0.7517700957934192,0.7988443516075809,,,
multirocket,2027,P05,gated,98,continuous_decision_function,False,5.033528718005982,0.5,0.6530612244897959,0.6530612244897959,0.5510204081632653,0.7551020408163265,0.6923076923076923,0.6271186440677966,0.6136363636363636,0.6494107744107744,0.31270364941881246,0.30612244897959173,0.3979591836734694,0.7067888379841732,0.7522801173373692,,,
multirocket,2027,P06,raw,86,continuous_decision_function,False,4.667892393998045,0.5,0.45348837209302323,0.45348837209302323,0.11627906976744186,0.7906976744186046,0.35714285714285715,0.4722222222222222,0.17543859649122806,0.3833714721586575,-0.1259881576697424,-0.09302325581395354,0.16279069767441862,0.3710113574905354,0.4396091006375102,,,
multirocket,2027,P06,gated,86,continuous_decision_function,False,4.29126160099986,0.5,0.4069767441860465,0.40697674418604646,0.09302325581395349,0.7209302325581395,0.25,0.44285714285714284,0.13559322033898305,0.3421328933553322,-0.23904572186687872,-0.18604651162790697,0.18604651162790697,0.3834505137912385,0.43661478232473117,,,
multirocket,2027,P07,raw,98,continuous_decision_function,False,4.960129709994362,0.5,0.7244897959183674,0.7244897959183674,0.5510204081632653,0.8979591836734694,0.84375,0.6666666666666666,0.6666666666666666,0.7159420289855072,0.47871355387816905,0.44897959183673475,0.32653061224489793,0.7717617659308621,0.8198517841034876,,,
multirocket,2027,P07,gated,98,continuous_decision_function,False,4.968209487997228,0.5,0.7346938775510204,0.7346938775510203,0.5102040816326531,0.9591836734693877,0.9259259259259259,0.6619718309859155,0.6578947368421053,0.7206140350877193,0.5253113442011076,0.4693877551020409,0.2755102040816326,0.7621824239900041,0.8237418935540358,,,
multirocket,2027,P08,raw,84,continuous_decision_function,False,5.725277136996738,0.5,0.5714285714285714,0.5714285714285714,0.5476190476190477,0.5952380952380952,0.575,0.5681818181818182,0.5609756097560976,0.5711854792966535,0.14301938838683884,0.1428571428571428,0.47619047619047616,0.5634920634920635,0.5802594640490218,,,
multirocket,2027,P08,gated,84,continuous_decision_function,False,4.173974696997902,0.5,0.5833333333333334,0.5833333333333333,0.5714285714285714,0.5952380952380952,0.5853658536585366,0.5813953488372093,0.5783132530120482,0.5832742735648476,0.1667139278803393,0.16666666666666674,0.4880952380952381,0.5816326530612245,0.5928568570158591,,,
multirocket,2027,P09,raw,76,continuous_decision_function,False,4.1593356340017635,0.5,0.6447368421052632,0.6447368421052632,0.9473684210526315,0.34210526315789475,0.5901639344262295,0.8666666666666667,0.7272727272727273,0.6089193825042882,0.36364878269900747,0.2894736842105263,0.8026315789473685,0.7108725761772853,0.6804596678134082,,,
multirocket,2027,P09,gated,76,continuous_decision_function,False,5.242988862999482,0.5,0.6052631578947368,0.6052631578947368,0.8947368421052632,0.3157894736842105,0.5666666666666667,0.75,0.6938775510204082,0.5691609977324263,0.25819888974716115,0.21052631578947367,0.7894736842105263,0.6769390581717452,0.6490714256135576,,,
multirocket,2027,P10,raw,94,continuous_decision_function,False,4.07660088299599,0.5,0.6595744680851063,0.6595744680851063,0.7021276595744681,0.6170212765957447,0.6470588235294118,0.6744186046511628,0.673469387755102,0.6589569160997732,0.32031106631923656,0.31914893617021267,0.5425531914893617,0.7256677229515618,0.7735652594275333,,,
multirocket,2027,P10,gated,94,continuous_decision_function,False,4.422212142999342,0.5,0.6276595744680851,0.6276595744680851,0.6808510638297872,0.574468085106383,0.6153846153846154,0.6428571428571429,0.6464646464646465,0.6266031097491772,0.25677629550654774,0.25531914893617014,0.5531914893617021,0.6948845631507469,0.7607273455078833,,,
multirocket,2027,P11,raw,86,continuous_decision_function,False,5.090412946003198,0.5,0.627906976744186,0.627906976744186,0.37209302325581395,0.8837209302325582,0.7619047619047619,0.5846153846153846,0.5,0.6018518518518519,0.2977325790784217,0.2558139534883721,0.2441860465116279,0.6479177934018387,0.6627948855150998,,,
multirocket,2027,P11,gated,86,continuous_decision_function,False,5.115935024005012,0.5,0.6162790697674418,0.6162790697674418,0.32558139534883723,0.9069767441860465,0.7777777777777778,0.5735294117647058,0.45901639344262296,0.5808595480726628,0.2858309752375147,0.2325581395348837,0.20930232558139536,0.6197944835045971,0.6540418100141552,,,
hydra,1005,P01,raw,92,continuous_decision_function,False,8.429759938000643,0.5,0.8152173913043478,0.8152173913043479,0.8260869565217391,0.8043478260869565,0.8085106382978723,0.8222222222222222,0.8172043010752689,0.815195557131041,0.6305838039516608,0.6304347826086956,0.5108695652173914,0.8440453686200378,0.8140640252791547,,,
hydra,1005,P01,gated,92,continuous_decision_function,False,9.122515964998456,0.5,0.7934782608695652,0.7934782608695652,0.8478260869565217,0.7391304347826086,0.7647058823529411,0.8292682926829268,0.8041237113402062,0.7928664533712526,0.5904549227349388,0.5869565217391304,0.5543478260869565,0.8454631379962192,0.8281819392252929,,,
hydra,1005,P02,raw,96,continuous_decision_function,False,8.137365000999125,0.5,0.75,0.75,0.7708333333333334,0.7291666666666666,0.74,0.7608695652173914,0.7551020408163265,0.7498914459400781,0.5004345937369794,0.5,0.5208333333333334,0.8094618055555555,0.78691838548028,,,
hydra,1005,P02,gated,96,continuous_decision_function,False,7.6776220930041745,0.5,0.7708333333333334,0.7708333333333333,0.7916666666666666,0.75,0.76,0.782608695652174,0.7755102040816326,0.7707338254450716,0.5421374765483944,0.5416666666666667,0.5208333333333334,0.814670138888889,0.7965482500405328,,,
hydra,1005,P03,raw,92,continuous_decision_function,False,8.886274507000053,0.5,0.532608695652174,0.5326086956521738,0.3695652173913043,0.6956521739130435,0.5483870967741935,0.5245901639344263,0.44155844155844154,0.5198446413399684,0.0689883074727411,0.0652173913043479,0.33695652173913043,0.5160680529300568,0.5800907034088127,,,
hydra,1005,P03,gated,92,continuous_decision_function,False,7.936358036997262,0.5,0.5108695652173914,0.5108695652173914,0.41304347826086957,0.6086956521739131,0.5135135135135135,0.509090909090909,0.4578313253012048,0.5061433854228796,0.022167554926073633,0.021739130434782705,0.40217391304347827,0.5335538752362949,0.5668418653015368,,,
hydra,1005,P04,raw,82,continuous_decision_function,False,8.557382388004044,0.5,0.6341463414634146,0.6341463414634146,0.4146341463414634,0.8536585365853658,0.7391304347826086,0.5932203389830508,0.53125,0.615625,0.2986089093888467,0.2682926829268293,0.2804878048780488,0.6341463414634146,0.7190707907388331,,,
hydra,1005,P04,gated,82,continuous_decision_function,False,8.096446613002627,0.5,0.6463414634146342,0.6463414634146342,0.4146341463414634,0.8780487804878049,0.7727272727272727,0.6,0.5396825396825397,0.6262769134056263,0.3302891295379082,0.29268292682926833,0.2682926829268293,0.6502082093991671,0.7268592581631506,,,
hydra,1005,P05,raw,98,continuous_decision_function,False,7.653001375998429,0.5,0.7448979591836735,0.7448979591836735,0.6326530612244898,0.8571428571428571,0.8157894736842105,0.7,0.7126436781609196,0.741642939997891,0.5026246899500346,0.48979591836734704,0.3877551020408163,0.8292378175760101,0.8624648081901288,,,
hydra,1005,P05,gated,98,continuous_decision_function,False,8.235214962005557,0.5,0.7346938775510204,0.7346938775510204,0.6326530612244898,0.8367346938775511,0.7948717948717948,0.6949152542372882,0.7045454545454546,0.7319023569023569,0.4794789291088457,0.4693877551020409,0.3979591836734694,0.827155351936693,0.8425294281340725,,,
hydra,1005,P06,raw,86,continuous_decision_function,False,8.681505909997213,0.5,0.4186046511627907,0.4186046511627907,0.20930232558139536,0.627906976744186,0.36,0.4426229508196721,0.2647058823529412,0.39196832579185525,-0.17925163190605437,-0.16279069767441856,0.29069767441860467,0.44402379664683617,0.47302102938264595,,,
hydra,1005,P06,gated,86,continuous_decision_function,False,8.053227676995448,0.5,0.46511627906976744,0.46511627906976744,0.23255813953488372,0.6976744186046512,0.43478260869565216,0.47619047619047616,0.30303030303030304,0.43453401943967984,-0.07881104062391006,-0.06976744186046513,0.26744186046511625,0.4542996214169822,0.48455517881750154,,,
hydra,1005,P07,raw,98,continuous_decision_function,False,8.34860873100115,0.5,0.6938775510204082,0.6938775510204082,0.5714285714285714,0.8163265306122449,0.7567567567567568,0.6557377049180327,0.6511627906976745,0.6892177589852009,0.3999335345754087,0.3877551020408163,0.37755102040816324,0.7413577675968347,0.7681830129417992,,,
hydra,1005,P07,gated,98,continuous_decision_function,False,7.900834353000391,0.5,0.6530612244897959,0.653061224489796,0.4897959183673469,0.8163265306122449,0.7272727272727273,0.6153846153846154,0.5853658536585366,0.6435601198117245,0.32387513781564786,0.30612244897959173,0.336734693877551,0.7567680133277801,0.7717913709435174,,,
hydra,1005,P08,raw,84,continuous_decision_function,False,8.677383107002242,0.5,0.6785714285714286,0.6785714285714286,0.7619047619047619,0.5952380952380952,0.6530612244897959,0.7142857142857143,0.7032967032967034,0.6763236763236764,0.3622089663122214,0.3571428571428572,0.5833333333333334,0.699546485260771,0.6527232618021785,,,
hydra,1005,P08,gated,84,continuous_decision_function,False,8.98068543500267,0.5,0.6428571428571429,0.6428571428571428,0.7619047619047619,0.5238095238095238,0.6153846153846154,0.6875,0.6808510638297872,0.6377228292121909,0.29417420270727607,0.2857142857142858,0.6190476190476191,0.6887755102040816,0.6579980951488922,,,
hydra,1005,P09,raw,76,continuous_decision_function,False,9.141885290999198,0.5,0.5921052631578947,0.5921052631578947,0.8157894736842105,0.3684210526315789,0.5636363636363636,0.6666666666666666,0.6666666666666666,0.5706214689265536,0.2059714602177749,0.18421052631578938,0.7236842105263158,0.6859418282548477,0.6904001731808903,,,
hydra,1005,P09,gated,76,continuous_decision_function,False,8.276424592004332,0.5,0.6578947368421053,0.6578947368421053,0.868421052631579,0.4473684210526316,0.6111111111111112,0.7727272727272727,0.717391304347826,0.6420289855072463,0.34815531191139565,0.3157894736842106,0.7105263157894737,0.7219529085872577,0.7237359121779777,,,
hydra,1005,P10,raw,94,continuous_decision_function,False,7.994772847996501,0.5,0.6702127659574468,0.6702127659574468,0.723404255319149,0.6170212765957447,0.6538461538461539,0.6904761904761905,0.6868686868686869,0.6692770400635569,0.3423683940087303,0.34042553191489366,0.5531914893617021,0.7080126754187416,0.7255018153443256,,,
hydra,1005,P10,gated,94,continuous_decision_function,False,7.9673914540035184,0.5,0.648936170212766,0.648936170212766,0.7021276595744681,0.5957446808510638,0.6346153846153846,0.6666666666666666,0.6666666666666666,0.6479400749063671,0.29957234475763905,0.2978723404255319,0.5531914893617021,0.7329108193752829,0.7186082318439933,,,
hydra,1005,P11,raw,86,continuous_decision_function,False,8.673344508999435,0.5,0.6395348837209303,0.6395348837209303,0.37209302325581395,0.9069767441860465,0.8,0.5909090909090909,0.5079365079365079,0.6117664191058687,0.3302891295379082,0.2790697674418605,0.23255813953488372,0.6819902650081126,0.7403657548855245,,,
hydra,1005,P11,gated,86,continuous_decision_function,False,7.808442822002689,0.5,0.6395348837209303,0.6395348837209303,0.3953488372093023,0.8837209302325582,0.7727272727272727,0.59375,0.5230769230769231,0.6166786484543494,0.31980107453341566,0.2790697674418605,0.2558139534883721,0.6987560843699296,0.7581233697217568,,,
hydra,2004,P01,raw,92,continuous_decision_function,False,7.823948783996457,0.5,0.8152173913043478,0.8152173913043479,0.8478260869565217,0.782608695652174,0.7959183673469388,0.8372093023255814,0.8210526315789474,0.8150206978119456,0.6317797913779336,0.6304347826086956,0.532608695652174,0.8553875236294896,0.8307127852469451,,,
hydra,2004,P01,gated,92,continuous_decision_function,False,9.224006686003122,0.5,0.8152173913043478,0.8152173913043479,0.8478260869565217,0.782608695652174,0.7959183673469388,0.8372093023255814,0.8210526315789474,0.8150206978119456,0.6317797913779336,0.6304347826086956,0.532608695652174,0.8549149338374291,0.82883566144507,,,
hydra,2004,P02,raw,96,continuous_decision_function,False,8.046165793995897,0.5,0.7604166666666666,0.7604166666666667,0.7708333333333334,0.75,0.7551020408163265,0.7659574468085106,0.7628865979381443,0.7603906673901248,0.5209463982067662,0.5208333333333333,0.5104166666666666,0.8216145833333334,0.8039289854086813,,,
hydra,2004,P02,gated,96,continuous_decision_function,False,9.010485747996427,0.5,0.75,0.75,0.7291666666666666,0.7708333333333334,0.7608695652173914,0.74,0.7446808510638298,0.7498914459400781,0.5004345937369794,0.5,0.4791666666666667,0.8177083333333333,0.7937876928194011,,,
hydra,2004,P03,raw,92,continuous_decision_function,False,8.704585721003241,0.5,0.5652173913043478,0.5652173913043479,0.34782608695652173,0.782608695652174,0.6153846153846154,0.5454545454545454,0.4444444444444444,0.5436507936507937,0.14484136487558028,0.13043478260869557,0.2826086956521739,0.4976370510396975,0.5629059480984593,,,
hydra,2004,P03,gated,92,continuous_decision_function,False,9.104973975001485,0.5,0.5760869565217391,0.5760869565217391,0.41304347826086957,0.7391304347826086,0.6129032258064516,0.5573770491803278,0.4935064935064935,0.5645102560990412,0.16097271743639588,0.15217391304347827,0.33695652173913043,0.5113421550094518,0.5742000469300781,,,
hydra,2004,P04,raw,82,continuous_decision_function,False,8.967762174004747,0.5,0.6341463414634146,0.6341463414634146,0.4146341463414634,0.8536585365853658,0.7391304347826086,0.5932203389830508,0.53125,0.615625,0.2986089093888467,0.2682926829268293,0.2804878048780488,0.5829863176680548,0.7007163663729612,,,
hydra,2004,P04,gated,82,continuous_decision_function,False,8.263591734998045,0.5,0.5975609756097561,0.5975609756097561,0.4146341463414634,0.7804878048780488,0.6538461538461539,0.5714285714285714,0.5074626865671642,0.5836282505000769,0.20965696734438366,0.19512195121951215,0.3170731707317073,0.5817965496728139,0.6803803611830781,,,
hydra,2004,P05,raw,98,continuous_decision_function,False,7.910761616003583,0.5,0.7346938775510204,0.7346938775510203,0.6122448979591837,0.8571428571428571,0.8108108108108109,0.6885245901639344,0.6976744186046512,0.7306553911205074,0.4841300681702316,0.4693877551020409,0.37755102040816324,0.807996668054977,0.838726600256007,,,
hydra,2004,P05,gated,98,continuous_decision_function,False,8.329753522004467,0.5,0.7244897959183674,0.7244897959183674,0.6530612244897959,0.7959183673469388,0.7619047619047619,0.6964285714285714,0.7032967032967034,0.7230769230769232,0.4536323543632774,0.44897959183673475,0.42857142857142855,0.8013327780091629,0.8282101244690852,,,
hydra,2004,P06,raw,86,continuous_decision_function,False,10.113373988002422,0.5,0.4186046511627907,0.4186046511627907,0.20930232558139536,0.627906976744186,0.36,0.4426229508196721,0.2647058823529412,0.39196832579185525,-0.17925163190605437,-0.16279069767441856,0.29069767441860467,0.44835045970795023,0.47251398296615565,,,
hydra,2004,P06,gated,86,continuous_decision_function,False,8.225559056001657,0.5,0.3953488372093023,0.39534883720930236,0.20930232558139536,0.5813953488372093,0.3333333333333333,0.423728813559322,0.2571428571428571,0.37366946778711485,-0.22549380840084865,-0.2093023255813954,0.313953488372093,0.4402379664683613,0.47486224143323114,,,
hydra,2004,P07,raw,98,continuous_decision_function,False,8.768708985000558,0.5,0.7040816326530612,0.7040816326530612,0.6530612244897959,0.7551020408163265,0.7272727272727273,0.6851851851851852,0.6881720430107527,0.7033093224762501,0.41030496993110915,0.40816326530612246,0.4489795918367347,0.760932944606414,0.7782928363415126,,,
hydra,2004,P07,gated,98,continuous_decision_function,False,8.349434208001185,0.5,0.6632653061224489,0.6632653061224489,0.5918367346938775,0.7346938775510204,0.6904761904761905,0.6428571428571429,0.6373626373626373,0.6615384615384615,0.329914439536929,0.3265306122448979,0.42857142857142855,0.7413577675968347,0.767020286331495,,,
hydra,2004,P08,raw,84,continuous_decision_function,False,8.931950263002363,0.5,0.6785714285714286,0.6785714285714286,0.7142857142857143,0.6428571428571429,0.6666666666666666,0.6923076923076923,0.6896551724137931,0.6781609195402298,0.35805743701971643,0.3571428571428572,0.5357142857142857,0.6791383219954649,0.6444357114565215,,,
hydra,2004,P08,gated,84,continuous_decision_function,False,8.133024221002415,0.5,0.6309523809523809,0.6309523809523809,0.7380952380952381,0.5238095238095238,0.6078431372549019,0.6666666666666666,0.6666666666666666,0.6266666666666667,0.2681332221799479,0.26190476190476186,0.6071428571428571,0.6513605442176871,0.6414906294049741,,,
hydra,2004,P09,raw,76,continuous_decision_function,False,8.64411576900602,0.5,0.631578947368421,0.631578947368421,0.8421052631578947,0.42105263157894735,0.5925925925925926,0.7272727272727273,0.6956521739130435,0.6144927536231883,0.2901294265928297,0.26315789473684204,0.7105263157894737,0.7184903047091412,0.7188217983920702,,,
hydra,2004,P09,gated,76,continuous_decision_function,False,8.664403827002388,0.5,0.631578947368421,0.631578947368421,0.8421052631578947,0.42105263157894735,0.5925925925925926,0.7272727272727273,0.6956521739130435,0.6144927536231883,0.2901294265928297,0.26315789473684204,0.7105263157894737,0.7171052631578947,0.742952417976538,,,
hydra,2004,P10,raw,94,continuous_decision_function,False,9.30610813999374,0.5,0.6276595744680851,0.6276595744680851,0.7021276595744681,0.5531914893617021,0.6111111111111112,0.65,0.6534653465346535,0.6255832479799704,0.2581988897471611,0.25531914893617014,0.574468085106383,0.7315527387958352,0.7512851643217754,,,
hydra,2004,P10,gated,94,continuous_decision_function,False,8.033186624001246,0.5,0.6382978723404256,0.6382978723404256,0.7021276595744681,0.574468085106383,0.6226415094339622,0.6585365853658537,0.66,0.6368181818181818,0.2788775080910937,0.27659574468085113,0.5638297872340425,0.7043911272068809,0.7220341121895661,,,
hydra,2004,P11,raw,86,continuous_decision_function,False,7.945327160996385,0.5,0.6162790697674418,0.6162790697674418,0.37209302325581395,0.8604651162790697,0.7272727272727273,0.578125,0.49230769230769234,0.5919482386772106,0.26650089544451305,0.2325581395348837,0.2558139534883721,0.6938885884261763,0.7451331929980494,,,
hydra,2004,P11,gated,86,continuous_decision_function,False,8.207622034999076,0.5,0.6046511627906976,0.6046511627906976,0.3488372093023256,0.8604651162790697,0.7142857142857143,0.5692307692307692,0.46875,0.5769675925925926,0.24359938288234503,0.20930232558139528,0.2441860465116279,0.697133585722012,0.7490342864500449,,,
hydra,2027,P01,raw,92,continuous_decision_function,False,7.902061600994784,0.5,0.7934782608695652,0.7934782608695652,0.8043478260869565,0.782608695652174,0.7872340425531915,0.8,0.7956989247311828,0.793453857969987,0.587095265748098,0.5869565217391304,0.5108695652173914,0.803875236294896,0.8110361006833025,,,
hydra,2027,P01,gated,92,continuous_decision_function,False,8.696949142999074,0.5,0.7934782608695652,0.7934782608695652,0.8260869565217391,0.7608695652173914,0.7755102040816326,0.813953488372093,0.8,0.7932584269662921,0.5882087712829036,0.5869565217391304,0.532608695652174,0.8265595463137996,0.8109439684536703,,,
hydra,2027,P02,raw,96,continuous_decision_function,False,9.01578131900169,0.5,0.7604166666666666,0.7604166666666667,0.8125,0.7083333333333334,0.7358490566037735,0.7906976744186046,0.7722772277227723,0.7597649874877598,0.5236822405563849,0.5208333333333333,0.5520833333333334,0.8263888888888888,0.8122785298439641,,,
hydra,2027,P02,gated,96,continuous_decision_function,False,7.795808032999048,0.5,0.7291666666666666,0.7291666666666667,0.75,0.7083333333333334,0.72,0.7391304347826086,0.7346938775510204,0.7290490664350847,0.4587317109255645,0.45833333333333326,0.5208333333333334,0.8142361111111112,0.8161823800042376,,,
hydra,2027,P03,raw,92,continuous_decision_function,False,7.8850883949999115,0.5,0.5,0.5,0.2826086956521739,0.717391304347826,0.5,0.5,0.3611111111111111,0.4751984126984127,0.0,0.0,0.2826086956521739,0.49858223062381846,0.552833943112501,,,
hydra,2027,P03,gated,92,continuous_decision_function,False,8.096993532999477,0.5,0.532608695652174,0.5326086956521738,0.3695652173913043,0.6956521739130435,0.5483870967741935,0.5245901639344263,0.44155844155844154,0.5198446413399684,0.0689883074727411,0.0652173913043479,0.33695652173913043,0.5321361058601134,0.5405464134943425,,,
hydra,2027,P04,raw,82,continuous_decision_function,False,8.170785362999595,0.5,0.6463414634146342,0.6463414634146342,0.43902439024390244,0.8536585365853658,0.75,0.603448275862069,0.5538461538461539,0.6304584304584304,0.32163376045133846,0.29268292682926833,0.2926829268292683,0.6484235574063058,0.7420126505384658,,,
hydra,2027,P04,gated,82,continuous_decision_function,False,8.723075538997364,0.5,0.6097560975609756,0.6097560975609756,0.4146341463414634,0.8048780487804879,0.68,0.5789473684210527,0.5151515151515151,0.5943104514533086,0.23841582427170788,0.2195121951219512,0.3048780487804878,0.6222486615110053,0.7105162562450185,,,
hydra,2027,P05,raw,98,continuous_decision_function,False,8.752806575997965,0.5,0.7448979591836735,0.7448979591836735,0.6530612244897959,0.8367346938775511,0.8,0.7068965517241379,0.7191011235955056,0.7427281318912107,0.4982728791224398,0.48979591836734704,0.40816326530612246,0.8379841732611413,0.866372216394827,,,
hydra,2027,P05,gated,98,continuous_decision_function,False,9.15114948900009,0.5,0.7244897959183674,0.7244897959183674,0.6326530612244898,0.8163265306122449,0.775,0.6896551724137931,0.6966292134831461,0.7221463824425076,0.45675013919556984,0.44897959183673475,0.40816326530612246,0.8213244481466055,0.8404247188569338,,,
hydra,2027,P06,raw,86,continuous_decision_function,False,8.038828112999909,0.5,0.4186046511627907,0.4186046511627907,0.18604651162790697,0.6511627906976745,0.34782608695652173,0.4444444444444444,0.24242424242424243,0.3853630646083476,-0.18389242812245682,-0.16279069767441856,0.26744186046511625,0.4889129259058951,0.4998046510014794,,,
hydra,2027,P06,gated,86,continuous_decision_function,False,8.7774395239976,0.5,0.4418604651162791,0.4418604651162791,0.20930232558139536,0.6744186046511628,0.391304347826087,0.4603174603174603,0.2727272727272727,0.4099485420240137,-0.13135173437318343,-0.11627906976744184,0.26744186046511625,0.4916170903190914,0.47001513614462564,,,
hydra,2027,P07,raw,98,continuous_decision_function,False,8.50411319900013,0.5,0.7346938775510204,0.7346938775510204,0.6326530612244898,0.8367346938775511,0.7948717948717948,0.6949152542372882,0.7045454545454546,0.7319023569023569,0.4794789291088457,0.4693877551020409,0.3979591836734694,0.8075801749271138,0.8085306587641682,,,
hydra,2027,P07,gated,98,continuous_decision_function,False,8.652354666002793,0.5,0.6938775510204082,0.6938775510204082,0.5918367346938775,0.7959183673469388,0.7435897435897436,0.6610169491525424,0.6590909090909091,0.6906565656565656,0.3960912892638291,0.3877551020408163,0.3979591836734694,0.7905039566847146,0.7648964693780356,,,
hydra,2027,P08,raw,84,continuous_decision_function,False,9.273625727000763,0.5,0.7023809523809523,0.7023809523809523,0.7619047619047619,0.6428571428571429,0.6808510638297872,0.7297297297297297,0.7191011235955056,0.701322713696487,0.40766096705449306,0.40476190476190466,0.5595238095238095,0.7250566893424037,0.713957626301201,,,
hydra,2027,P08,gated,84,continuous_decision_function,False,7.842797048004286,0.5,0.7023809523809523,0.7023809523809523,0.7380952380952381,0.6666666666666666,0.6888888888888889,0.717948717948718,0.7126436781609196,0.7020008514261388,0.4057984286223453,0.40476190476190466,0.5357142857142857,0.7193877551020409,0.7032726502841212,,,
hydra,2027,P09,raw,76,continuous_decision_function,False,8.02081250899937,0.5,0.631578947368421,0.631578947368421,0.8947368421052632,0.3684210526315789,0.5862068965517241,0.7777777777777778,0.7083333333333334,0.6041666666666667,0.30949223029508643,0.26315789473684204,0.7631578947368421,0.7371883656509695,0.7219037667900806,,,
hydra,2027,P09,gated,76,continuous_decision_function,False,8.561790325002221,0.5,0.6052631578947368,0.6052631578947368,0.7894736842105263,0.42105263157894735,0.5769230769230769,0.6666666666666666,0.6666666666666666,0.5913978494623655,0.22645540682891915,0.21052631578947367,0.6842105263157895,0.725415512465374,0.7418920234429244,,,
hydra,2027,P10,raw,94,continuous_decision_function,False,8.357496176002314,0.5,0.6702127659574468,0.6702127659574468,0.723404255319149,0.6170212765957447,0.6538461538461539,0.6904761904761905,0.6868686868686869,0.6692770400635569,0.3423683940087303,0.34042553191489366,0.5531914893617021,0.7410593028519693,0.7429922217708294,,,
hydra,2027,P10,gated,94,continuous_decision_function,False,7.791600156000641,0.5,0.6382978723404256,0.6382978723404256,0.6808510638297872,0.5957446808510638,0.6274509803921569,0.6511627906976745,0.6530612244897959,0.637641723356009,0.27760292414333837,0.27659574468085113,0.5425531914893617,0.7265731100045267,0.7433471917306481,,,
hydra,2027,P11,raw,86,continuous_decision_function,False,9.31981419800286,0.5,0.627906976744186,0.627906976744186,0.37209302325581395,0.8837209302325582,0.7619047619047619,0.5846153846153846,0.5,0.6018518518518519,0.2977325790784217,0.2558139534883721,0.2441860465116279,0.6852352623039482,0.7375694617846631,,,
hydra,2027,P11,gated,86,continuous_decision_function,False,7.891972058998363,0.5,0.5930232558139535,0.5930232558139534,0.3023255813953488,0.8837209302325582,0.7222222222222222,0.5588235294117647,0.4262295081967213,0.555457096440703,0.22866478019001177,0.18604651162790709,0.20930232558139536,0.6971335857220119,0.7327402733250602,,,
